Number,Username,Password,Gender,NameSet,Title,GivenName,MiddleInitial,Surname,StreetAddress,City,State,StateFull,ZipCode,Country,CountryFull,EmailAddress,CCType,CCNumber,CVV2,CCExpires,NationalID
1,Boyss1983,Aicai8tho,male,American,Mr.,Brian,S,Joly,"3634 Mutton Town Road",Stanwood,WA,Washington,98292,US,"United States",BrianSJoly@fleckens.hu,Visa,4916266673260974,561,12/2019,535-32-6222
2,Beacephisely,joo9zeiH,female,American,Mrs.,Constance,J,Holland,"933 Red Maple Drive",Hollywood,CA,California,90028,US,"United States",ConstanceJHolland@armyspy.com,Visa,4485602503730854,247,5/2018,603-21-2164
3,Lood1981,looThoo8zee,female,American,Mrs.,Jennifer,J,Chan,"3346 Brown Street",Phoenix,AZ,Arizona,85003,US,"United States",JenniferJChan@rhyta.com,Visa,4716002137687599,212,3/2016,527-38-8278
4,Famme1960,LoyeeK7Wai,female,American,Mrs.,Delia,D,Toupin,"2583 Wolf Pen Road","San Mateo",CA,California,94403,US,"United States",DeliaDToupin@armyspy.com,MasterCard,5310195534806536,616,9/2019,602-42-9110
5,Portione,oidae1uW,female,American,Mrs.,Gloria,S,Thompson,"1199 Maxwell Street",Stamford,CT,Connecticut,06902,US,"United States",GloriaSThompson@jourrapide.com,MasterCard,5330041925370581,747,4/2019,044-56-2112
6,Lefor1970,ooTha1EeRah,female,American,Ms.,Ashley,M,Chapman,"1501 Happy Hollow Road",Laurinburg,NC,"North Carolina",28352,US,"United States",AshleyMChapman@jourrapide.com,Visa,4485841566788777,507,2/2018,238-43-9469
7,Forcis54,eeSeidi0uth,male,American,Mr.,Richard,T,Daw,"4894 Joy Lane","Sherman Oaks",CA,California,91403,US,"United States",RichardTDaw@superrito.com,MasterCard,5315189850978990,199,5/2017,609-35-6658
8,Frooking,sheeSue4ru9,female,American,Ms.,Tami,R,Dillon,"4492 Milford Street",Manchester,NH,"New Hampshire",03101,US,"United States",TamiRDillon@gustr.com,MasterCard,5290081932244203,610,4/2018,003-40-5811
9,Gremess34,Sha8hohghool,female,American,Mrs.,Suzanne,S,Leigh,"4891 Charla Lane",Richardson,TX,Texas,75081,US,"United States",SuzanneSLeigh@teleworm.us,MasterCard,5146468093069626,753,2/2016,640-90-5385
10,Sinattletle1963,AvohTuR0,female,American,Ms.,Jo,R,Clark,"1 Elliot Avenue",Seattle,WA,Washington,98101,US,"United States",JoRClark@teleworm.us,Visa,4716388052754385,951,4/2017,536-26-4229
11,Jast1952,fei6Hoop3hee,female,American,Ms.,Lisa,J,Quintero,"117 Fairfield Road","West Allis",WI,Wisconsin,53227,US,"United States",LisaJQuintero@armyspy.com,Visa,4716279177692172,479,10/2018,393-21-4812
12,Annever,vaiz3ohyiR1Ai,male,American,Mr.,James,L,Nelson,"3923 Maud Street",Philadelphia,DE,Delaware,19108,US,"United States",JamesLNelson@fleckens.hu,MasterCard,5506789536099647,556,7/2016,222-10-7782
13,Therbut,ey3Ax7sh,female,American,Ms.,Linda,J,Lopez,"2172 Berry Street","Colorado Springs",CO,Colorado,80903,US,"United States",LindaJLopez@cuvox.de,Visa,4485968735930053,085,7/2020,653-24-2628
14,Therat54,xail8SoP,female,American,Mrs.,Maria,H,Oney,"3129 Water Street",Concord,CA,California,94520,US,"United States",MariaHOney@teleworm.us,MasterCard,5261585224997950,003,3/2020,549-53-7207
15,Searturefor,Eiph7eing,female,American,Mrs.,Theresa,J,Berthelot,"4526 Lyndon Street",Philadelphia,PA,Pennsylvania,19108,US,"United States",TheresaJBerthelot@teleworm.us,Visa,4532618843562131,233,5/2018,207-54-2603
16,Froasur,Esae7XaeTh7,male,American,Mr.,Clifford,D,Elder,"1548 Boundary Street",Jacksonville,FL,Florida,32205,US,"United States",CliffordDElder@rhyta.com,Visa,4929731592965677,748,1/2019,766-28-1203
17,Mignobt,eichukaiN8uu,female,American,Mrs.,Edna,W,Owens,"679 Platinum Drive",Pittsburgh,PA,Pennsylvania,15219,US,"United States",EdnaWOwens@armyspy.com,Visa,4556208316342988,220,11/2017,159-68-8514
18,Sonce1950,eGh0ohf6,female,American,Ms.,Roberta,J,Dandridge,"2736 Sundown Lane",Austin,TX,Texas,78759,US,"United States",RobertaJDandridge@einrot.com,Visa,4929650931497293,014,4/2016,641-72-6997
19,Mingat,iicha4ooYae,male,American,Mr.,Morgan,L,Williams,"1873 Flynn Street","Avon Lake",OH,Ohio,44012,US,"United States",MorganLWilliams@superrito.com,Visa,4485091520003224,441,11/2018,270-68-7623
20,Beggall,pher9Eyah,male,American,Mr.,Charles,P,Clarke,"1513 Abner Road",Elderon,WI,Wisconsin,54429,US,"United States",CharlesPClarke@einrot.com,Visa,4532620727697322,859,4/2017,397-86-4305
21,Russ1980,aithoy4B,male,American,Mr.,John,H,Phillips,"2179 Progress Way","Saint Cloud",MN,Minnesota,56303,US,"United States",JohnHPhillips@einrot.com,MasterCard,5507844326556865,047,6/2020,473-01-0793
22,Roon1971,kieShi7oC,male,American,Mr.,Jess,B,Nelson,"143 Five Points",Baltimore,MD,Maryland,21201,US,"United States",JessBNelson@armyspy.com,MasterCard,5480472072242182,303,5/2020,216-56-8228
23,Aliame,PaiNo9tah8,male,American,Mr.,Patrick,J,McWilliams,"692 Laurel Lane",Midland,TX,Texas,79701,US,"United States",PatrickJMcWilliams@armyspy.com,Visa,4532737706749989,237,11/2018,467-84-3797
24,Acharthopint,AhLahHae5,female,American,Ms.,Sadie,D,West,"523 Bartlett Avenue",Southfield,MI,Michigan,48075,US,"United States",SadieDWest@dayrep.com,Visa,4556780349146040,077,12/2018,375-96-4899
25,Theiliptir,idieK6Hiogh,male,American,Mr.,Gary,K,Johnson,"2442 Bottom Lane",Medina,NY,"New York",14103,US,"United States",GaryKJohnson@superrito.com,Visa,4916979954531604,211,12/2020,128-46-8773
26,Ravize84,veRoh2ohmi,female,American,Ms.,Frances,L,Harrelson,"4623 Monroe Street",Houston,TX,Texas,77002,US,"United States",FrancesLHarrelson@cuvox.de,Visa,4556826804597282,483,8/2019,458-98-9789
27,Shostres58,Uche5ooj0,male,American,Mr.,Tad,D,Cook,"3717 Woodland Avenue",Venice,LA,Louisiana,70091,US,"United States",TadDCook@superrito.com,MasterCard,5536214548399962,738,3/2016,439-89-8505
28,Seepearrough,gaPhie5ch,female,American,Ms.,Nancy,R,Satterwhite,"1398 Rodney Street",Imperial,MO,Missouri,63052,US,"United States",NancyRSatterwhite@superrito.com,Visa,4556777336285815,644,6/2016,499-48-3560
29,Mileave,xie9eeV9ru,male,American,Mr.,Wayne,L,Carter,"3857 Frosty Lane",Sherburne,NY,"New York",13460,US,"United States",WayneLCarter@dayrep.com,Visa,4539401467679967,489,3/2016,108-30-5222
30,Aging1968,ei2hahB9ai,male,American,Mr.,Jesse,A,Munson,"2266 Stout Street",Harrisburg,PA,Pennsylvania,17101,US,"United States",JesseAMunson@teleworm.us,MasterCard,5262940470997007,982,8/2016,193-42-0328
31,Arron1976,tocah9HahSi,female,American,Ms.,Margaret,G,Hasting,"2525 Still Street",Mansfield,OH,Ohio,44902,US,"United States",MargaretGHasting@gustr.com,MasterCard,5399974831684398,294,3/2017,292-11-0220
32,Ficeseet,uy5wiaSee,male,American,Mr.,Thomas,M,Goudreau,"2488 Stratford Court",Morrisville,NC,"North Carolina",27560,US,"United States",ThomasMGoudreau@gustr.com,Visa,4556014417151413,907,3/2018,688-09-7415
33,Nedisoom,Sohsa0tei,male,American,Mr.,Marvin,D,Duff,"1360 Poe Road",Houston,TX,Texas,77036,US,"United States",MarvinDDuff@einrot.com,Visa,4916000555563282,537,7/2018,630-44-6434
34,Poold1971,iok9eeNg6ei,male,American,Mr.,Rodney,E,Conner,"58 Davisson Street",Fowler,IN,Indiana,47944,US,"United States",RodneyEConner@gustr.com,Visa,4539356198815589,743,10/2016,310-78-0038
35,Prommor,ca8Ieg4Ai,male,American,Mr.,Elias,C,O'Neill,"902 Southside Lane","Los Angeles",CA,California,90017,US,"United States",EliasCONeill@rhyta.com,Visa,4929140818458188,097,3/2018,558-66-3011
36,Fromeder,cho0Oa3iBe8,female,American,Mrs.,Marylin,M,Salas,"1586 Howard Street",Holland,MI,Michigan,49423,US,"United States",MarylinMSalas@superrito.com,Visa,4539144780131221,419,7/2019,368-06-8365
37,Andul1996,EeZ4phoH8,male,American,Mr.,Richard,S,Rice,"1772 Edwards Street",Pinetops,NC,"North Carolina",27864,US,"United States",RichardSRice@jourrapide.com,Visa,4539761230159179,815,2/2017,237-74-6695
38,Oncents37,Vui0eiGhoch,male,American,Mr.,Devin,E,Myers,"2953 Park Avenue",Sacramento,CA,California,95821,US,"United States",DevinEMyers@fleckens.hu,MasterCard,5295399210194436,861,11/2017,614-92-6521
39,Subjes,eiWa9us9me9,male,American,Mr.,Colin,J,Zepeda,"2124 John Daniel Drive",Stlouis,MO,Missouri,63101,US,"United States",ColinJZepeda@fleckens.hu,Visa,4532619308751425,713,1/2017,498-02-7597
40,Fitered,ohsh9mieM0,female,American,Ms.,Laurie,H,Cole,"23 Freed Drive",Galt,CA,California,95632,US,"United States",LaurieHCole@teleworm.us,MasterCard,5459566664279705,640,3/2020,553-11-7320
41,Tiver1936,OofooXiep7Gu,female,American,Ms.,Jill,B,Laws,"3289 Coffman Alley","Bowling Green",KY,Kentucky,42101,US,"United States",JillBLaws@superrito.com,Visa,4485488587306534,785,8/2020,404-82-0862
42,Alut1994,BoDi6lahja,female,American,Ms.,Jean,J,Fisher,"3395 Brown Bear Drive",Ontario,CA,California,91761,US,"United States",JeanJFisher@jourrapide.com,MasterCard,5349951664107367,771,5/2016,564-35-1904
43,Prestriall,naeNahm1bix,female,American,Ms.,Inez,R,Smith,"4818 Clover Drive","Colorado Springs",CO,Colorado,80907,US,"United States",InezRSmith@einrot.com,Visa,4485075613012846,358,6/2017,521-19-0282
44,Twoubleff,nooSh2soh,male,American,Mr.,Theodore,L,McLain,"384 Franklin Avenue",Orlando,FL,Florida,32801,US,"United States",TheodoreLMcLain@armyspy.com,Visa,4556421154760399,203,5/2016,771-10-5374
45,Whaturand,suagae7Yoy3,female,American,Mrs.,Dixie,C,Schmidt,"4174 Frum Street",Nashville,TN,Tennessee,37218,US,"United States",DixieCSchmidt@jourrapide.com,MasterCard,5399735278101521,171,11/2019,763-01-3707
46,Hisist1990,dahm1Leicu,male,American,Mr.,Robert,L,Lee,"2008 Wayside Lane","San Francisco",CA,California,94108,US,"United States",RobertLLee@superrito.com,MasterCard,5188585754127754,323,10/2017,572-16-6605
47,Harosed,xu0iengaoT,male,American,Mr.,Charles,C,Steger,"422 Timber Oak Drive",Orcutt,CA,California,93455,US,"United States",CharlesCSteger@cuvox.de,MasterCard,5534510435413663,952,10/2019,552-27-4394
48,Joho1986,aiJ1kiigul,male,American,Mr.,William,J,Rinehart,"4762 Armbrester Drive","Manhattan Beach",CA,California,90266,US,"United States",WilliamJRinehart@cuvox.de,MasterCard,5439158275051528,402,10/2016,570-82-7073
49,Rearand,Xae0shei9k,male,American,Mr.,Bennett,J,Salmon,"4161 Patterson Fork Road",Chicago,IL,Illinois,60616,US,"United States",BennettJSalmon@teleworm.us,Visa,4716947383217733,942,6/2020,323-74-2855
50,Themall,uo3EerohP,male,American,Mr.,Paul,A,Hill,"3043 Valley Drive",Philadelphia,PA,Pennsylvania,19108,US,"United States",PaulAHill@jourrapide.com,MasterCard,5273786853982141,239,2/2019,183-05-5618
51,Expeoppicel,egu5Oodeegai,female,American,Ms.,Bonita,D,Barry,"3508 Bubby Drive",Lockhart,TX,Texas,52698,US,"United States",BonitaDBarry@jourrapide.com,Visa,4539029403389696,659,6/2019,463-33-3564
52,Demusbace,Pai2ij4xee,female,American,Ms.,Nina,P,Gonzalez,"4536 Jadewood Farms",Irvington,NJ,"New Jersey",07111,US,"United States",NinaPGonzalez@dayrep.com,MasterCard,5467522456776747,617,7/2017,155-12-6794
53,Waallovar,aefee0Thai,female,American,Mrs.,Barbara,E,Henson,"2659 Davis Street",Atlanta,GA,Georgia,30308,US,"United States",BarbaraEHenson@armyspy.com,Visa,4716577151079823,862,1/2017,670-03-7289
54,Brivelacce,Aeki9ahlei,female,American,Mrs.,Constance,S,Braxton,"3125 Hornor Avenue",Tulsa,OK,Oklahoma,74119,US,"United States",ConstanceSBraxton@cuvox.de,MasterCard,5422695558026007,635,10/2020,441-70-4165
55,Fander,chah1eYahb,female,American,Mrs.,Dominique,K,Allen,"4479 Candlelight Drive",Alvin,TX,Texas,77511,US,"United States",DominiqueKAllen@cuvox.de,Visa,4716359029284871,112,2/2019,457-34-0213
56,Floont72,ShaCh1eey0,female,American,Ms.,Lea,R,Colon,"4558 Westfall Avenue",Owatonna,MN,Minnesota,55060,US,"United States",LeaRColon@einrot.com,MasterCard,5150845415426621,142,8/2019,472-98-8919
57,Gorn1958,ohg3Aedee,female,American,Ms.,Margaret,J,Perez,"1096 Hewes Avenue",Laurel,MD,Maryland,20707,US,"United States",MargaretJPerez@rhyta.com,MasterCard,5201040666222304,302,4/2020,220-33-8459
58,Metur1965,doom6uTh7y,female,American,Ms.,Jennifer,M,Galeana,"4181 Clousson Road",Danbury,IA,Iowa,51019,US,"United States",JenniferMGaleana@superrito.com,Visa,4556941888302473,844,8/2020,479-66-7064
59,Versely,aip6maey9Ei,female,American,Mrs.,Judy,A,Dillon,"1786 Raccoon Run",Seattle,WA,Washington,98133,US,"United States",JudyADillon@superrito.com,MasterCard,5280051472888455,244,4/2019,538-20-6466
60,Disently,AiVaicol8,female,American,Ms.,Zonia,D,Johnson,"4727 Marigold Lane",Miami,FL,Florida,33169,US,"United States",ZoniaDJohnson@dayrep.com,MasterCard,5461528869629122,594,5/2020,263-32-9268
61,Yeloors,ieF5qua9,male,American,Mr.,Martin,K,Simon,"465 Bungalow Road",Omaha,NE,Nebraska,68136,US,"United States",MartinKSimon@superrito.com,Visa,4539591175347574,208,7/2019,505-22-2292
62,Gireal,wo7PuGu0xei,male,American,Mr.,Carlton,C,Gardner,"1691 Hillside Street",Mesa,AZ,Arizona,85201,US,"United States",CarltonCGardner@einrot.com,Visa,4485741039714600,715,3/2018,526-24-4710
63,Habing,phaiFeicua2,female,American,Mrs.,Caitlin,R,Fong,"535 Cedar Lane","West Roxbury",MA,Massachusetts,02132,US,"United States",CaitlinRFong@fleckens.hu,Visa,4716228978395618,294,12/2016,026-70-1825
64,Yousitel,aiGhae7ae,male,American,Mr.,David,D,Fauver,"2706 Clover Drive","Colorado Springs",CO,Colorado,80904,US,"United States",DavidDFauver@gustr.com,Visa,4929197973867926,096,1/2017,651-26-7626
65,Tander,neeNgieh7toh,male,American,Dr.,Eddie,L,Thompson,"3997 West Fork Drive","Fort Lauderdale",FL,Florida,33308,US,"United States",EddieLThompson@einrot.com,Visa,4916229352878748,203,10/2019,266-34-4072
66,Yone1988,Uvie1ne2h,female,American,Mrs.,Clara,M,Felix,"2567 Airplane Avenue",Stamford,CT,Connecticut,06902,US,"United States",ClaraMFelix@teleworm.us,Visa,4539487617074167,039,6/2018,042-14-1975
67,Inhat1992,chito9Boh1,female,American,Mrs.,Teresa,R,Stark,"1077 McVaney Road",Boone,NC,"North Carolina",28607,US,"United States",TeresaRStark@jourrapide.com,MasterCard,5168924215774918,693,7/2017,245-70-6151
68,Turapter74,phie4beeZ,male,American,Mr.,Patrick,K,Shea,"1648 Hart Street","West Hartford",CT,Connecticut,06107,US,"United States",PatrickKShea@rhyta.com,Visa,4916187920104627,768,12/2020,048-42-1120
69,Upplasol1974,Uy9aughei1,female,American,Mrs.,Mary,R,Slack,"4375 Bloomfield Way","Roxbury Pond",ME,Maine,04275,US,"United States",MaryRSlack@cuvox.de,Visa,4916292436747750,136,9/2019,006-01-2511
70,Banot1932,Eishah8ee,male,American,Mr.,Jeffrey,C,Payne,"2941 Agriculture Lane",Perrine,FL,Florida,33157,US,"United States",JeffreyCPayne@fleckens.hu,Visa,4556537004859741,624,1/2018,261-98-2430
71,Alke1956,aa2niePhah,male,American,Mr.,Taylor,E,Wetzel,"3795 Briercliff Road",Brooklyn,NY,"New York",11234,US,"United States",TaylorEWetzel@armyspy.com,Visa,4539220413792686,709,10/2019,051-34-2553
72,Loultatink,AhraiM0aePh,male,American,Mr.,Michael,R,Minarik,"4663 Oliverio Drive",Sawyer,KS,Kansas,67134,US,"United States",MichaelRMinarik@teleworm.us,MasterCard,5484530011249000,433,10/2019,514-80-5866
73,Stindere,Phei7jieW,female,American,Ms.,Helena,V,Harris,"535 Giraffe Hill Drive",Irving,TX,Texas,75060,US,"United States",HelenaVHarris@superrito.com,Visa,4916536594996207,164,2/2016,456-18-0520
74,Aftenteen,aephoWiKooj6,female,American,Mrs.,Janice,G,Johnson,"4579 Penn Street",Oates,MO,Missouri,63625,US,"United States",JaniceGJohnson@einrot.com,Visa,4532938149039711,159,12/2018,493-90-5417
75,Laideard,kiem2eiGh,female,American,Mrs.,Dorothy,K,Zastrow,"4010 Driftwood Road","San Jose",CA,California,95131,US,"United States",DorothyKZastrow@dayrep.com,Visa,4716443450662639,924,1/2019,557-72-0041
76,Maret1937,In0Asoh2i,male,American,Mr.,Julio,M,Slaughter,"1030 Summit Park Avenue",Troy,MI,Michigan,48098,US,"United States",JulioMSlaughter@cuvox.de,MasterCard,5303246608925782,008,1/2016,369-14-1484
77,Haded1935,Rae4eel6ahv,female,American,Ms.,Shirley,A,Halstead,"4667 Skips Lane",Phoenix,AZ,Arizona,85008,US,"United States",ShirleyAHalstead@armyspy.com,MasterCard,5192199583349060,579,7/2016,526-98-0772
78,Inely1982,urai8eilohY,male,American,Mr.,Justin,S,Mullis,"1157 Forest Avenue","New York",NY,"New York",10007,US,"United States",JustinSMullis@dayrep.com,Visa,4716535163046370,063,6/2019,125-30-7332
79,Tratc1945,zi8ci9iCh,female,American,Ms.,Heather,S,Webb,"87 Derek Drive",Youngstown,OH,Ohio,44503,US,"United States",HeatherSWebb@gustr.com,MasterCard,5131025269413686,993,6/2019,290-02-4141
80,Cocam1938,uequi4Chak,female,American,Mrs.,Viola,J,Morris,"3249 Wood Street",Metairie,LA,Louisiana,70001,US,"United States",ViolaJMorris@dayrep.com,Visa,4716751583777524,853,8/2019,434-40-2047
81,Whistring,aoF8jeixizu,female,American,Ms.,Lillie,J,Dickison,"184 Massachusetts Avenue",Washington,DC,"Washington DC",20011,US,"United States",LillieJDickison@fleckens.hu,MasterCard,5391879022450897,417,5/2016,577-34-4377
82,Vareat,ShooCoh4xu4,male,American,Mr.,Robert,E,Villegas,"3296 Ryan Road",Vermillion,SD,"South Dakota",57069,US,"United States",RobertEVillegas@teleworm.us,Visa,4539079077761357,164,7/2019,504-20-8212
83,Ardsomal,sai2Iu3eish,female,American,Mrs.,Bonnie,M,Quintanilla,"4434 American Drive",Camden,NJ,"New Jersey",08102,US,"United States",BonnieMQuintanilla@armyspy.com,MasterCard,5201538816628742,468,1/2017,154-72-7284
84,Whicily,ohs4eeVu,male,American,Mr.,Kenneth,E,Chambers,"2134 Foley Street",Miami,FL,Florida,33176,US,"United States",KennethEChambers@armyspy.com,Visa,4532625553313241,149,10/2016,772-10-3076
85,Arborl,pi0upaiR6gu,male,American,Mr.,Timothy,G,Jeanbaptiste,"3136 Broadway Avenue","Johnson City",TN,Tennessee,37601,US,"United States",TimothyGJeanbaptiste@fleckens.hu,Visa,4556418423446826,104,1/2017,762-01-2939
86,Upond1933,Yohth2he,male,American,Mr.,Robert,A,Moore,"1607 Granville Lane",Newark,NJ,"New Jersey",07102,US,"United States",RobertAMoore@rhyta.com,MasterCard,5418944551542404,828,8/2019,140-05-2517
87,Himer1968,eida3kauR,male,American,Mr.,Ricky,M,Majors,"1479 Milford Street",Manchester,NH,"New Hampshire",03103,US,"United States",RickyMMajors@cuvox.de,Visa,4485771942038680,035,12/2019,002-64-5572
88,Mallyn,AiCh6aewa0ei,male,American,Mr.,Herschel,M,Jones,"3616 Freedom Lane",Stockton,CA,California,95204,US,"United States",HerschelMJones@fleckens.hu,Visa,4556107443903342,141,4/2016,609-55-3417
89,Forgaziesing,Doe0weish,male,American,Mr.,Roberto,M,Hilliard,"2222 Pinewood Drive","Rolling Meadows",IL,Illinois,60008,US,"United States",RobertoMHilliard@rhyta.com,MasterCard,5308286975969562,320,2/2019,343-82-7566
90,Spoks1961,opoo7Neibe,female,American,Mrs.,Pamela,J,Corson,"1257 Mulberry Avenue","Little Rock",AR,Arkansas,72211,US,"United States",PamelaJCorson@superrito.com,Visa,4539416796076057,447,9/2020,431-70-4275
91,Lostelly,Aepax3Iewe1,male,American,Mr.,Charles,S,Joiner,"2116 North Bend River Road",Lexington,KY,Kentucky,40507,US,"United States",CharlesSJoiner@teleworm.us,Visa,4539054162153976,958,7/2020,406-02-3507
92,Pooks1972,iay7sheeShae,female,American,Mrs.,Gertrude,W,Knapp,"1432 White Lane",Macon,GA,Georgia,31201,US,"United States",GertrudeWKnapp@teleworm.us,MasterCard,5423522332106567,398,1/2019,259-89-8900
93,Witedingued,shoosh0UWa,female,American,Ms.,Kimberly,H,McCain,"781 Sussex Court",Clifton,TX,Texas,76634,US,"United States",KimberlyHMcCain@jourrapide.com,MasterCard,5479949563919066,839,7/2018,631-03-8772
94,Spappons,eJ5cheeNg0ae,female,American,Ms.,Shirley,G,Smith,"68 Oakwood Avenue","New York",NY,"New York",10011,US,"United States",ShirleyGSmith@einrot.com,MasterCard,5340233663249493,345,3/2017,122-12-9120
95,Thatur,xeex0uWoo,male,American,Mr.,Paul,P,Alm,"2469 Concord Street",Charlotte,NC,"North Carolina",28263,US,"United States",PaulPAlm@jourrapide.com,MasterCard,5407102130455688,138,9/2019,685-09-6543
96,Milynaver1958,zahG2oHoo3,female,American,Mrs.,Gwendolyn,G,Boudreau,"3323 Southside Lane","Los Angeles",CA,California,90029,US,"United States",GwendolynGBoudreau@rhyta.com,Visa,4556150667906112,061,7/2017,566-35-3656
97,Abad1975,Jai4yai2hoh,male,American,Mr.,James,E,Hill,"2461 Kerry Way","Santa Fe Springs",CA,California,90670,US,"United States",JamesEHill@armyspy.com,Visa,4916756188616801,268,7/2020,603-02-2592
98,Eakinatte,Nu4puthie,male,American,Mr.,Clyde,S,Villalobos,"1761 Bee Street",Wellston,MI,Michigan,49689,US,"United States",ClydeSVillalobos@superrito.com,Visa,4532600339513851,968,3/2018,383-78-0064
99,Oncely,Vua2oofohTh,female,American,Ms.,Ida,S,Smith,"2429 Lilac Lane",Jesup,GA,Georgia,31546,US,"United States",IdaSSmith@superrito.com,MasterCard,5464180841951815,470,7/2017,258-03-8882
100,Deeme1950,Hee9Meez3,male,American,Mr.,Paul,P,White,"3684 Stratford Park",Heltonville,IN,Indiana,47436,US,"United States",PaulPWhite@cuvox.de,MasterCard,5143558956049450,567,1/2019,316-36-0464
