1,1,1,Ryan,Johnston,rjohnston0@mayoclinic.com,Male,5 Hintze Terrace,Laredo,TX,78044
2,2,9,Todd,Martin,tmartin1@europa.eu,Male,878 Sheridan Point,Columbia,SC,29215
3,3,1,Sharon,Martin,smartin2@archive.org,Female,2 Fremont Plaza,Lubbock,TX,79452
4,4,6,Theresa,Hughes,thughes3@t-online.de,Female,34304 Darwin Road,Washington,DC,20099
5,5,4,Mary,Wright,mwright4@alexa.com,Female,0570 Lotheville Lane,Conroe,TX,77305
6,6,7,Margaret,Fuller,mfuller5@twitter.com,Female,307 Transport Parkway,Boise,ID,83732
7,7,2,Carolyn,Martin,cmartin6@mashable.com,Female,5 Grover Hill,Shawnee Mission,KS,66205
8,8,8,Aaron,Castillo,acastillo7@pagesperso-orange.fr,Male,9293 Hintze Hill,Aiken,SC,29805
9,9,8,Juan,George,jgeorge8@mac.com,Male,98 Ramsey Junction,Garland,TX,75049
10,10,0,Jimmy,Russell,jrussell9@nymag.com,Male,6521 Mendota Lane,Philadelphia,PA,19125
11,11,6,Gloria,Long,glonga@infoseek.co.jp,Female,8371 Hallows Crossing,Kansas City,MO,64160
12,12,0,Joyce,Harvey,jharveyb@wikia.com,Female,07221 Nobel Lane,Hartford,CT,06140
13,13,3,Arthur,Frazier,afrazierc@clickbank.net,Male,723 Talmadge Avenue,Little Rock,AR,72209
14,14,8,Judy,Russell,jrusselld@ocn.ne.jp,Female,9721 Nobel Terrace,Houston,TX,77245
15,15,5,Christine,Fox,cfoxe@mayoclinic.com,Female,2 Ridgeway Drive,Indianapolis,IN,46226
16,16,5,Brenda,Ortiz,bortizf@blogger.com,Female,798 Bashford Street,Sioux Falls,SD,57198
17,17,1,Louis,Berry,lberryg@ovh.net,Male,36648 Vernon Park,Tulsa,OK,74133
18,18,3,Craig,Ruiz,cruizh@mozilla.org,Male,9917 Cody Crossing,Orlando,FL,32808
19,19,5,Nancy,Peters,npetersi@godaddy.com,Female,22 Declaration Drive,El Paso,TX,88584
20,20,1,Jacqueline,Willis,jwillisj@google.ca,Female,67121 Dwight Parkway,New Orleans,LA,70160
21,21,2,John,Watkins,jwatkinsk@jiathis.com,Male,56 Declaration Way,El Paso,TX,88563
22,22,8,Judy,Bradley,jbradleyl@so-net.ne.jp,Female,6197 David Court,Charlotte,NC,28284
23,23,7,Bonnie,Garza,bgarzam@bbb.org,Female,7 Miller Street,Lansing,MI,48912
24,24,5,Brian,Freeman,bfreemann@cafepress.com,Male,8 Jana Street,Alexandria,VA,22333
25,25,5,Walter,Sanders,wsanderso@salon.com,Male,6809 Maple Wood Court,Topeka,KS,66622
26,26,2,Todd,Sullivan,tsullivanp@census.gov,Male,0 Upham Road,Lexington,KY,40576
27,27,2,Angela,Garza,agarzaq@jiathis.com,Female,7 Surrey Point,Corpus Christi,TX,78410
28,28,5,Carol,Harris,charrisr@nationalgeographic.com,Female,06604 Merry Street,Brooksville,FL,34605
29,29,9,Alice,Williams,awilliamss@google.com.hk,Female,868 American Ash Drive,Waltham,MA,02453
30,30,9,Melissa,Romero,mromerot@istockphoto.com,Female,7 Crownhardt Drive,Houston,TX,77095
31,31,5,Eric,Jordan,ejordanu@blog.com,Male,85 South Terrace,Newark,DE,19725
32,32,6,Kevin,Wright,kwrightv@chicagotribune.com,Male,2595 American Terrace,Las Vegas,NV,89160
33,33,4,Larry,Mitchell,lmitchellw@hhs.gov,Male,81 Karstens Way,Corpus Christi,TX,78470
34,34,5,Jane,Stevens,jstevensx@adobe.com,Female,1 Novick Terrace,Mesa,AZ,85215
35,35,7,Harry,Franklin,hfrankliny@deviantart.com,Male,94 Elmside Drive,Modesto,CA,95397
36,36,5,Kimberly,Ford,kfordz@1688.com,Female,6320 Jenna Parkway,Bonita Springs,FL,34135
37,37,7,Aaron,Ward,award10@printfriendly.com,Male,7999 Gina Parkway,Springfield,IL,62711
38,38,2,Stephanie,Stewart,sstewart11@vinaora.com,Female,100 Sundown Avenue,Carson City,NV,89714
39,39,2,Chris,Gordon,cgordon12@ox.ac.uk,Male,3404 Pennsylvania Terrace,Long Beach,CA,90810
40,40,8,Lillian,Flores,lflores13@icq.com,Female,94 Lerdahl Alley,Oklahoma City,OK,73179
41,41,7,Gloria,Watkins,gwatkins14@zdnet.com,Female,5088 Fordem Avenue,Austin,TX,78744
42,42,7,Anna,Freeman,afreeman15@wordpress.org,Female,752 Nevada Road,Baltimore,MD,21290
43,43,3,Samuel,Nichols,snichols16@alibaba.com,Male,4 Burrows Trail,San Francisco,CA,94126
44,44,1,Amy,Bell,abell17@people.com.cn,Female,99191 Dennis Lane,Topeka,KS,66611
45,45,5,Kathryn,Patterson,kpatterson18@lycos.com,Female,88769 Sunbrook Lane,Flushing,NY,11355
46,46,6,Arthur,Gray,agray19@over-blog.com,Male,9 Bobwhite Circle,Providence,RI,02912
47,47,0,Russell,Hawkins,rhawkins1a@oracle.com,Male,9889 Rowland Trail,Fresno,CA,93726
48,48,2,Frances,Wells,fwells1b@slate.com,Female,5548 Fair Oaks Parkway,Lakewood,WA,98498
49,49,7,Debra,Ramirez,dramirez1c@usatoday.com,Female,1 Stang Drive,Dayton,OH,45426
50,50,7,Howard,Kelley,hkelley1d@jugem.jp,Male,14 Grayhawk Park,Lake Worth,FL,33462
51,51,0,Joshua,Sims,jsims1e@house.gov,Male,219 Myrtle Alley,Kansas City,MO,64160
52,52,1,Lori,Stanley,lstanley1f@cam.ac.uk,Female,8634 Bellgrove Parkway,Suffolk,VA,23436
53,53,3,Arthur,Graham,agraham1g@github.com,Male,0 Eliot Lane,Washington,DC,20057
54,54,5,Todd,Ryan,tryan1h@huffingtonpost.com,Male,513 Prentice Alley,Minneapolis,MN,55441
55,55,7,Diane,Castillo,dcastillo1i@paypal.com,Female,53 Sycamore Court,Whittier,CA,90610
56,56,0,Eric,Collins,ecollins1j@sphinn.com,Male,051 Atwood Trail,Dallas,TX,75379
57,57,9,Maria,Hart,mhart1k@vinaora.com,Female,807 Eggendart Parkway,Wilkes Barre,PA,18706
58,58,1,Craig,Nguyen,cnguyen1l@123-reg.co.uk,Male,070 Erie Alley,El Paso,TX,79940
59,59,5,Chris,Simpson,csimpson1m@si.edu,Male,1 Caliangt Lane,North Hollywood,CA,91616
60,60,4,Lillian,Vasquez,lvasquez1n@usatoday.com,Female,02910 Mallard Junction,Oakland,CA,94660
61,61,1,Janet,Crawford,jcrawford1o@fastcompany.com,Female,61 Nancy Alley,San Antonio,TX,78250
62,62,2,Joyce,Torres,jtorres1p@creativecommons.org,Female,1 Maywood Plaza,Washington,DC,20062
63,63,1,Bruce,Carpenter,bcarpenter1q@blogtalkradio.com,Male,9 Burrows Parkway,Dayton,OH,45419
64,64,8,Frank,Mendoza,fmendoza1r@nps.gov,Male,270 Graedel Hill,Cleveland,OH,44118
65,65,2,Teresa,Murray,tmurray1s@go.com,Female,09937 Birchwood Pass,Pensacola,FL,32590
66,66,7,Harry,Martinez,hmartinez1t@theguardian.com,Male,420 Mockingbird Court,Omaha,NE,68124
67,67,7,Paul,Fields,pfields1u@yandex.ru,Male,02 Schiller Circle,Huntington,WV,25775
68,68,0,Jack,Reid,jreid1v@cpanel.net,Male,43714 Novick Pass,Birmingham,AL,35263
69,69,4,Charles,Gordon,cgordon1w@mediafire.com,Male,84 Farwell Terrace,Tallahassee,FL,32309
70,70,1,Joseph,Burns,jburns1x@1688.com,Male,09800 Parkside Circle,London,KY,40745
71,71,8,Gary,Harper,gharper1y@wired.com,Male,35 Vermont Center,Philadelphia,PA,19141
72,72,9,Elizabeth,Lane,elane1z@shop-pro.jp,Female,93484 Bunker Hill Court,Buffalo,NY,14220
73,73,6,Harry,Wilson,hwilson20@spotify.com,Male,33 American Ash Point,Buffalo,NY,14215
74,74,1,Russell,Tucker,rtucker21@nyu.edu,Male,065 Bunting Drive,East Saint Louis,IL,62205
75,75,5,Karen,Morrison,kmorrison22@scribd.com,Female,4827 Memorial Road,Saint Petersburg,FL,33742
76,76,6,Terry,Perez,tperez23@mail.ru,Male,295 Anzinger Road,Glendale,AZ,85311
77,77,0,Bobby,George,bgeorge24@gizmodo.com,Male,80 Packers Junction,Irvine,CA,92612
78,78,8,Tina,Bryant,tbryant25@geocities.com,Female,0141 Butternut Point,Pasadena,CA,91186
79,79,0,Christina,Banks,cbanks26@ucoz.com,Female,99 Ludington Point,Tacoma,WA,98481
80,80,5,Henry,Clark,hclark27@addtoany.com,Male,749 Dakota Hill,Charlotte,NC,28220
81,81,0,Justin,Wallace,jwallace28@icq.com,Male,3 Reindahl Terrace,Madison,WI,53785
82,82,5,Amy,Harris,aharris29@spotify.com,Female,31 Luster Place,Harrisburg,PA,17121
83,83,3,Richard,Reed,rreed2a@businesswire.com,Male,748 Manley Park,Rockville,MD,20851
84,84,0,Jimmy,Frazier,jfrazier2b@posterous.com,Male,959 Dahle Park,South Lake Tahoe,CA,96154
85,85,2,Joshua,Carroll,jcarroll2c@t-online.de,Male,97847 Bunting Alley,Evanston,IL,60208
86,86,2,Jonathan,Brooks,jbrooks2d@woothemes.com,Male,563 Carioca Pass,Chicago,IL,60652
87,87,7,Joseph,Garrett,jgarrett2e@facebook.com,Male,638 Sugar Center,Denver,CO,80249
88,88,8,Jeffrey,Black,jblack2f@delicious.com,Male,7498 Arapahoe Place,Garland,TX,75049
89,89,4,George,Fields,gfields2g@histats.com,Male,68 Glendale Drive,Orange,CA,92668
90,90,6,Sara,Powell,spowell2h@loc.gov,Female,18595 Hazelcrest Center,Miami,FL,33134
91,91,4,Diane,Sanders,dsanders2i@youku.com,Female,625 Village Street,Chattanooga,TN,37405
92,92,6,Jimmy,Banks,jbanks2j@flavors.me,Male,9 Arrowood Junction,Hialeah,FL,33018
93,93,5,Angela,Bryant,abryant2k@google.de,Female,15 Kenwood Road,Austin,TX,78754
94,94,8,Barbara,Patterson,bpatterson2l@google.it,Female,4 Hollow Ridge Circle,Des Moines,IA,50369
95,95,3,Helen,James,hjames2m@cisco.com,Female,83506 Declaration Avenue,Dallas,TX,75387
96,96,0,Kevin,Cruz,kcruz2n@sourceforge.net,Male,1327 Spaight Point,Charleston,WV,25389
97,97,3,Lawrence,Lopez,llopez2o@about.me,Male,17 Knutson Plaza,Meridian,MS,39305
98,98,9,Daniel,Montgomery,dmontgomery2p@altervista.org,Male,0 Logan Street,New Brunswick,NJ,08922
99,99,4,Rose,James,rjames2q@biglobe.ne.jp,Female,87 Melrose Circle,Kansas City,MO,64190
100,100,5,Anne,Johnston,ajohnston2r@trellian.com,Female,88666 Ridgeway Trail,San Francisco,CA,94116
101,101,3,Lois,Hansen,lhansen2s@toplist.cz,Female,37334 Thierer Hill,Los Angeles,CA,90010
102,102,8,Diana,Vasquez,dvasquez2t@google.com.br,Female,3 Hagan Lane,Greeley,CO,80638
103,103,4,Carl,Elliott,celliott2u@sciencedirect.com,Male,5 Summerview Circle,Columbus,OH,43226
104,104,6,Lois,Watson,lwatson2v@mlb.com,Female,34459 Dwight Plaza,San Diego,CA,92110
105,105,5,Sara,Jones,sjones2w@cbslocal.com,Female,1791 Summerview Center,Denver,CO,80204
106,106,5,Adam,Sullivan,asullivan2x@theatlantic.com,Male,3994 Maywood Center,Buffalo,NY,14205
107,107,8,Denise,Porter,dporter2y@buzzfeed.com,Female,8910 Westerfield Junction,Worcester,MA,01605
108,108,8,Juan,Reyes,jreyes2z@weather.com,Male,61757 Vera Park,Fort Worth,TX,76147
109,109,5,Walter,Rivera,wrivera30@about.com,Male,3 Parkside Parkway,Denver,CO,80249
110,110,3,Tina,Rice,trice31@chron.com,Female,2484 Packers Terrace,Nashville,TN,37235
111,111,0,Jessica,Lee,jlee32@odnoklassniki.ru,Female,8055 Onsgard Alley,Fresno,CA,93794
112,112,5,Eugene,Williamson,ewilliamson33@1und1.de,Male,053 Sunfield Court,Albany,NY,12242
113,113,1,Donald,Sims,dsims34@xinhuanet.com,Male,409 Westend Drive,Shreveport,LA,71151
114,114,3,Larry,Coleman,lcoleman35@nyu.edu,Male,3363 Center Hill,Saint Louis,MO,63121
115,115,2,Jimmy,Johnson,jjohnson36@cisco.com,Male,98514 Fisk Pass,San Jose,CA,95113
116,116,1,Phillip,Romero,promero37@elpais.com,Male,62765 Rigney Parkway,Asheville,NC,28805
117,117,6,Amy,Hughes,ahughes38@networkadvertising.org,Female,7126 Melby Park,Buffalo,NY,14263
118,118,3,Daniel,Vasquez,dvasquez39@list-manage.com,Male,011 Banding Drive,Baton Rouge,LA,70810
119,119,8,Clarence,Reed,creed3a@tamu.edu,Male,6103 Tennessee Place,Portland,OR,97201
120,120,4,Joseph,Thompson,jthompson3b@wunderground.com,Male,5 Macpherson Drive,Odessa,TX,79769
121,121,1,Kevin,Brown,kbrown3c@wikispaces.com,Male,5173 Sommers Court,Kansas City,MO,64109
122,122,8,Randy,Vasquez,rvasquez3d@ebay.co.uk,Male,5 Pine View Pass,Jacksonville,FL,32277
123,123,6,Marie,Marshall,mmarshall3e@ebay.co.uk,Female,495 Sunbrook Trail,Washington,DC,20337
124,124,8,Wayne,Hill,whill3f@t-online.de,Male,03 Prentice Court,Indianapolis,IN,46247
125,125,1,Joyce,Hansen,jhansen3g@phoca.cz,Female,5 Beilfuss Parkway,Detroit,MI,48258
126,126,7,Kevin,Ford,kford3h@wix.com,Male,181 Golf Course Plaza,Omaha,NE,68179
127,127,7,Carol,Henderson,chenderson3i@seattletimes.com,Female,79 Myrtle Hill,Orlando,FL,32859
128,128,1,Angela,Franklin,afranklin3j@illinois.edu,Female,8 Esch Lane,Athens,GA,30610
129,129,9,Shirley,Wallace,swallace3k@fc2.com,Female,68 Spaight Hill,Minneapolis,MN,55487
130,130,1,Jeremy,Gardner,jgardner3l@economist.com,Male,51182 Westport Avenue,Wichita,KS,67210
131,131,0,Lori,Garza,lgarza3m@sbwire.com,Female,81186 Bellgrove Point,Alexandria,LA,71307
132,132,1,Willie,Simpson,wsimpson3n@ebay.com,Male,55817 Transport Circle,Saint Petersburg,FL,33737
133,133,2,Brandon,Kelly,bkelly3o@earthlink.net,Male,557 Dahle Center,Tampa,FL,33680
134,134,1,Joe,Kim,jkim3p@sbwire.com,Male,517 4th Street,Seattle,WA,98133
135,135,8,Helen,Gomez,hgomez3q@guardian.co.uk,Female,1 Tony Point,Colorado Springs,CO,80940
136,136,8,Dennis,Hughes,dhughes3r@163.com,Male,27 Green Ridge Court,Gilbert,AZ,85297
137,137,5,Judith,Howard,jhoward3s@xrea.com,Female,9 Dryden Way,Omaha,NE,68105
138,138,9,Annie,Fisher,afisher3t@alibaba.com,Female,08 Eliot Lane,Jamaica,NY,11499
139,139,4,Donna,Hudson,dhudson3u@t.co,Female,49971 8th Lane,Las Vegas,NV,89110
140,140,6,Diane,Weaver,dweaver3v@cargocollective.com,Female,16 Cody Lane,Van Nuys,CA,91499
141,141,1,Dorothy,Anderson,danderson3w@china.com.cn,Female,76990 Lakeland Trail,Tampa,FL,33620
142,142,9,Howard,Pierce,hpierce3x@cisco.com,Male,455 Forest Run Court,Bloomington,IL,61709
143,143,0,Emily,Hall,ehall3y@baidu.com,Female,8 Ridgeview Terrace,Nashville,TN,37250
144,144,3,Scott,Hernandez,shernandez3z@webmd.com,Male,191 Evergreen Center,Boston,MA,02298
145,145,1,Kevin,Chapman,kchapman40@noaa.gov,Male,6035 Bashford Drive,Orange,CA,92668
146,146,3,Joshua,Baker,jbaker41@bbc.co.uk,Male,040 Clyde Gallagher Terrace,South Bend,IN,46614
147,147,9,Shirley,Reyes,sreyes42@mayoclinic.com,Female,68 Waywood Crossing,Fargo,ND,58122
148,148,6,Cynthia,Price,cprice43@cornell.edu,Female,47089 Onsgard Drive,Amarillo,TX,79171
149,149,6,Steven,Gutierrez,sgutierrez44@jigsy.com,Male,7 Pearson Terrace,Long Beach,CA,90810
150,150,0,Cheryl,Bryant,cbryant45@gizmodo.com,Female,80 Fieldstone Pass,Kansas City,MO,64142
151,151,2,Henry,Hansen,hhansen46@mail.ru,Male,76 Browning Trail,Washington,DC,20088
152,152,2,Jeffrey,Gibson,jgibson47@netlog.com,Male,04 Sunfield Center,Rockville,MD,20851
153,153,9,Betty,Gibson,bgibson48@chicagotribune.com,Female,83114 Trailsway Avenue,Atlanta,GA,31132
154,154,9,Jose,Kelley,jkelley49@miibeian.gov.cn,Male,9 American Street,Wichita,KS,67260
155,155,4,Phillip,Myers,pmyers4a@blinklist.com,Male,13 Meadow Vale Avenue,Louisville,KY,40215
156,156,3,Eric,Ruiz,eruiz4b@hhs.gov,Male,15738 6th Lane,Tucson,AZ,85737
157,157,2,Eric,Matthews,ematthews4c@mit.edu,Male,667 6th Trail,Montpelier,VT,05609
158,158,3,Walter,Ruiz,wruiz4d@blogger.com,Male,0 Marquette Avenue,Salt Lake City,UT,84135
159,159,2,Judy,Mitchell,jmitchell4e@goo.gl,Female,400 Forster Circle,New York City,NY,10099
160,160,5,Christopher,Hanson,chanson4f@gizmodo.com,Male,9342 Algoma Lane,Fort Wayne,IN,46862
161,161,7,Timothy,Gonzales,tgonzales4g@blinklist.com,Male,8888 Chinook Hill,Flushing,NY,11388
162,162,0,Edward,Hunter,ehunter4h@bluehost.com,Male,213 Hansons Park,Bronx,NY,10459
163,163,0,Theresa,Rivera,trivera4i@networkadvertising.org,Female,72 Reindahl Place,Crawfordsville,IN,47937
164,164,7,Andrea,Simmons,asimmons4j@twitpic.com,Female,046 Fisk Street,Sacramento,CA,94297
165,165,9,Marie,Bryant,mbryant4k@loc.gov,Female,6523 Golf Alley,Long Beach,CA,90805
166,166,7,Raymond,Bradley,rbradley4l@webmd.com,Male,6 Golf Course Way,Memphis,TN,38143
167,167,3,Shawn,Lawrence,slawrence4m@chronoengine.com,Male,097 Kensington Park,Wilkes Barre,PA,18706
168,168,8,Craig,Thomas,cthomas4n@jugem.jp,Male,6008 Dorton Terrace,Sacramento,CA,94286
169,169,1,Judy,Ray,jray4o@google.com.hk,Female,3215 Bowman Point,Saint Louis,MO,63110
170,170,8,Nicole,Austin,naustin4p@walmart.com,Female,16 Oakridge Point,Greenville,SC,29610
171,171,9,James,Mendoza,jmendoza4q@baidu.com,Male,9 Helena Junction,Los Angeles,CA,90005
172,172,2,Marilyn,Fernandez,mfernandez4r@merriam-webster.com,Female,9 Farragut Point,Jamaica,NY,11447
173,173,9,Elizabeth,Little,elittle4s@ftc.gov,Female,94 Hauk Point,Montpelier,VT,05609
174,174,5,Roger,Ward,rward4t@wiley.com,Male,59 Roxbury Avenue,Jacksonville,FL,32259
175,175,9,Ronald,Day,rday4u@arstechnica.com,Male,40 Hayes Plaza,Gastonia,NC,28055
176,176,2,Ruby,Allen,rallen4v@google.com.br,Female,0101 Northridge Drive,Des Moines,IA,50315
177,177,0,Theresa,Spencer,tspencer4w@dedecms.com,Female,701 Fulton Road,Sacramento,CA,95833
178,178,3,Helen,Harper,hharper4x@yahoo.com,Female,7 Maple Wood Lane,Corpus Christi,TX,78410
179,179,0,Lisa,Sims,lsims4y@google.com.hk,Female,968 Derek Point,Lakeland,FL,33811
180,180,9,Virginia,Arnold,varnold4z@hugedomains.com,Female,35772 Dexter Avenue,Little Rock,AR,72215
181,181,2,Joe,Turner,jturner50@kickstarter.com,Male,6500 Scott Hill,Jackson,MS,39210
182,182,8,Angela,Hamilton,ahamilton51@ted.com,Female,5014 Esker Terrace,Monroe,LA,71213
183,183,4,Beverly,Harper,bharper52@cdc.gov,Female,6 Rockefeller Avenue,Phoenix,AZ,85025
184,184,7,Randy,Medina,rmedina53@desdev.cn,Male,8062 Morrow Avenue,Gainesville,FL,32605
185,185,5,Brian,Evans,bevans54@wikia.com,Male,55578 Rowland Drive,Portland,OR,97221
186,186,8,Irene,Pierce,ipierce55@bigcartel.com,Female,93 Linden Place,Salt Lake City,UT,84170
187,187,5,Gloria,Roberts,groberts56@huffingtonpost.com,Female,7508 Schiller Alley,Brooklyn,NY,11225
188,188,8,Lillian,Oliver,loliver57@cocolog-nifty.com,Female,4 Fieldstone Crossing,Boulder,CO,80310
189,189,7,Anna,George,ageorge58@oakley.com,Female,0 Lawn Road,Topeka,KS,66611
190,190,1,Helen,Carpenter,hcarpenter59@washington.edu,Female,30669 Banding Avenue,Hialeah,FL,33018
191,191,3,Lawrence,Clark,lclark5a@smh.com.au,Male,6 Bowman Lane,Santa Clara,CA,95054
192,192,4,John,Coleman,jcoleman5b@salon.com,Male,64 Golf View Terrace,Silver Spring,MD,20918
193,193,1,Alan,Sanchez,asanchez5c@merriam-webster.com,Male,36 Mcguire Way,Scottsdale,AZ,85255
194,194,6,Larry,Stevens,lstevens5d@dailymotion.com,Male,5 Schmedeman Pass,Charleston,SC,29424
195,195,3,Betty,Lane,blane5e@ustream.tv,Female,5529 Emmet Avenue,Wichita Falls,TX,76305
196,196,6,Lawrence,Willis,lwillis5f@slate.com,Male,04429 Daystar Circle,Silver Spring,MD,20910
197,197,2,Samuel,Sanchez,ssanchez5g@vinaora.com,Male,1 Hooker Court,Kansas City,MO,64179
198,198,9,Ruth,Palmer,rpalmer5h@chicagotribune.com,Female,79 Blue Bill Park Circle,Corpus Christi,TX,78405
199,199,3,Ann,Cook,acook5i@last.fm,Female,64 Troy Lane,Alexandria,VA,22309
200,200,3,Shirley,Wilson,swilson5j@netscape.com,Female,99 Mandrake Center,Greeley,CO,80638
201,201,7,Sean,Mendoza,smendoza5k@cdc.gov,Male,2864 Bashford Terrace,Atlanta,GA,30343
202,202,4,Carl,Brooks,cbrooks5l@unesco.org,Male,8 Dwight Terrace,Phoenix,AZ,85067
203,203,5,Marie,West,mwest5m@paypal.com,Female,579 Meadow Ridge Plaza,Las Vegas,NV,89155
204,204,7,Gary,Roberts,groberts5n@cloudflare.com,Male,59811 New Castle Road,Springfield,MO,65810
205,205,3,Gerald,Henderson,ghenderson5o@bravesites.com,Male,66 Maple Wood Crossing,Houston,TX,77266
206,206,2,Adam,Ramirez,aramirez5p@mashable.com,Male,7290 Bowman Trail,New Haven,CT,06533
207,207,9,Martin,Porter,mporter5q@paginegialle.it,Male,345 Bellgrove Terrace,Hialeah,FL,33018
208,208,7,Joshua,Greene,jgreene5r@tinyurl.com,Male,68 Golf Course Pass,Charlotte,NC,28230
209,209,6,Brandon,Lawrence,blawrence5s@reverbnation.com,Male,50035 Dovetail Park,San Bernardino,CA,92410
210,210,2,Judith,George,jgeorge5t@prnewswire.com,Female,5746 Loeprich Hill,North Hollywood,CA,91606
211,211,9,Howard,Gonzalez,hgonzalez5u@cnn.com,Male,123 Londonderry Way,Birmingham,AL,35215
212,212,6,Charles,Carroll,ccarroll5v@reddit.com,Male,5215 Lindbergh Point,Honolulu,HI,96835
213,213,7,Andrea,Myers,amyers5w@arstechnica.com,Female,72 Lukken Way,Saint Paul,MN,55172
214,214,5,Timothy,Hunter,thunter5x@tuttocitta.it,Male,5 Park Meadow Junction,New York City,NY,10004
215,215,6,Keith,Banks,kbanks5y@wsj.com,Male,53 Veith Lane,New York City,NY,10039
216,216,3,Christina,Spencer,cspencer5z@upenn.edu,Female,72796 Merchant Street,Dallas,TX,75353
217,217,2,Bruce,Scott,bscott60@google.co.uk,Male,14 Montana Circle,Orlando,FL,32803
218,218,8,Kevin,Adams,kadams61@miitbeian.gov.cn,Male,1347 Spenser Trail,Jackson,MS,39296
219,219,2,Helen,Ferguson,hferguson62@bbb.org,Female,8 Basil Trail,Carol Stream,IL,60351
220,220,7,Michael,West,mwest63@artisteer.com,Male,797 Mayfield Road,Sacramento,CA,94286
221,221,9,Julia,Spencer,jspencer64@cdc.gov,Female,9665 Dexter Trail,Spring Hill,FL,34611
222,222,5,Angela,Armstrong,aarmstrong65@artisteer.com,Female,5323 Judy Park,Montgomery,AL,36104
223,223,6,Barbara,Berry,bberry66@merriam-webster.com,Female,9 Caliangt Hill,Knoxville,TN,37995
224,224,2,Linda,Banks,lbanks67@cdc.gov,Female,00953 Sunnyside Street,Wilkes Barre,PA,18706
225,225,9,Emily,Fowler,efowler68@github.io,Female,7865 Mcguire Trail,North Las Vegas,NV,89087
226,226,1,Lillian,Holmes,lholmes69@bigcartel.com,Female,90 Lawn Way,College Station,TX,77844
227,227,2,Aaron,Coleman,acoleman6a@blogger.com,Male,475 Sugar Street,Corpus Christi,TX,78415
228,228,5,Sean,Lawson,slawson6b@discovery.com,Male,323 Fulton Park,Fort Worth,TX,76110
229,229,2,Christopher,Porter,cporter6c@unesco.org,Male,23297 Village Junction,Cambridge,MA,02142
230,230,4,Norma,Barnes,nbarnes6d@nsw.gov.au,Female,152 Mcguire Terrace,Minneapolis,MN,55402
231,231,4,Charles,Ramos,cramos6e@who.int,Male,34 Mcbride Street,San Francisco,CA,94116
232,232,8,Joe,George,jgeorge6f@hp.com,Male,52 Pierstorff Plaza,Austin,TX,78726
233,233,5,Jack,Matthews,jmatthews6g@wikipedia.org,Male,1566 Waxwing Center,Huntsville,AL,35810
234,234,1,Marie,Cunningham,mcunningham6h@dedecms.com,Female,102 Hoffman Point,Chico,CA,95973
235,235,1,Judy,Knight,jknight6i@i2i.jp,Female,1 Mandrake Lane,Phoenix,AZ,85077
236,236,1,Beverly,Fuller,bfuller6j@linkedin.com,Female,7 Sachs Park,Houston,TX,77299
237,237,9,Benjamin,Richards,brichards6k@furl.net,Male,5 Florence Plaza,Albany,NY,12262
238,238,1,Richard,Mills,rmills6l@sakura.ne.jp,Male,569 Basil Point,Columbus,MS,39705
239,239,6,Jack,Scott,jscott6m@aboutads.info,Male,80722 Mayfield Point,Tampa,FL,33647
240,240,1,Angela,Bell,abell6n@netlog.com,Female,7996 Grayhawk Plaza,San Antonio,TX,78265
241,241,3,Evelyn,Day,eday6o@furl.net,Female,1 Packers Trail,Dallas,TX,75287
242,242,4,Ashley,Austin,aaustin6p@noaa.gov,Female,9905 Goodland Street,Charleston,SC,29416
243,243,7,Shawn,Carroll,scarroll6q@jiathis.com,Male,16 Novick Center,Palm Bay,FL,32909
244,244,4,Fred,Stevens,fstevens6r@amazon.co.uk,Male,137 Buena Vista Pass,Chicago,IL,60614
245,245,1,Earl,Harvey,eharvey6s@wunderground.com,Male,62612 Heffernan Place,Saint Joseph,MO,64504
246,246,5,Phyllis,Garza,pgarza6t@addtoany.com,Female,434 Old Shore Terrace,Charlotte,NC,28256
247,247,5,Kathy,Grant,kgrant6u@ycombinator.com,Female,9639 Buena Vista Terrace,Dallas,TX,75367
248,248,8,Joshua,Ford,jford6v@macromedia.com,Male,70591 Hanover Point,Jackson,MS,39236
249,249,5,Sean,Williamson,swilliamson6w@hugedomains.com,Male,468 Rieder Street,New York City,NY,10150
250,250,4,Sean,Carpenter,scarpenter6x@booking.com,Male,49289 Sunnyside Drive,Albany,NY,12222
251,251,1,Anne,Morgan,amorgan6y@mtv.com,Female,8 Carey Circle,Clearwater,FL,34629
252,252,6,Annie,Ford,aford6z@sohu.com,Female,10 Brown Center,Winston Salem,NC,27105
253,253,0,Adam,Wilson,awilson70@tamu.edu,Male,88644 Cascade Parkway,Omaha,NE,68105
254,254,9,Aaron,Coleman,acoleman71@phoca.cz,Male,16718 South Trail,Peoria,IL,61635
255,255,8,Andrea,Sanders,asanders72@odnoklassniki.ru,Female,6 Havey Place,Portland,OR,97240
256,256,1,Roy,Ferguson,rferguson73@gizmodo.com,Male,5789 Arapahoe Park,Orange,CA,92867
257,257,7,Kathy,Greene,kgreene74@foxnews.com,Female,188 Oakridge Terrace,Fort Lauderdale,FL,33315
258,258,3,Kathryn,Fisher,kfisher75@kickstarter.com,Female,57097 Union Lane,Jersey City,NJ,07310
259,259,8,Earl,Franklin,efranklin76@cloudflare.com,Male,42711 Swallow Street,Alexandria,VA,22309
260,260,8,Andrew,Mason,amason77@usatoday.com,Male,09 Delladonna Alley,Washington,DC,20414
261,261,5,Heather,Ross,hross78@amazon.co.uk,Female,8 Dapin Crossing,Portland,OR,97221
262,262,1,Andrea,Price,aprice79@java.com,Female,78 Victoria Way,New York City,NY,10039
263,263,6,Pamela,Brown,pbrown7a@prnewswire.com,Female,281 Stone Corner Plaza,Houston,TX,77223
264,264,0,Fred,Kim,fkim7b@yahoo.com,Male,2 Sullivan Park,Winston Salem,NC,27116
265,265,5,Deborah,Burton,dburton7c@amazon.co.uk,Female,74414 Spenser Court,Richmond,VA,23289
266,266,0,Brandon,Fuller,bfuller7d@cdc.gov,Male,8 Morrow Pass,Long Beach,CA,90831
267,267,2,Ann,Hayes,ahayes7e@feedburner.com,Female,4642 Debra Lane,Carol Stream,IL,60351
268,268,7,Sean,Baker,sbaker7f@mashable.com,Male,38 Dwight Hill,Decatur,GA,30033
269,269,7,Amanda,Carpenter,acarpenter7g@mozilla.com,Female,42392 6th Place,Des Moines,IA,50305
270,270,8,Andrew,Fields,afields7h@domainmarket.com,Male,422 Troy Center,Memphis,TN,38161
271,271,2,Alice,Perkins,aperkins7i@rakuten.co.jp,Female,99188 Arapahoe Point,Charlotte,NC,28220
272,272,1,Justin,Stewart,jstewart7j@berkeley.edu,Male,7500 Brickson Park Hill,Fort Wayne,IN,46867
273,273,8,Ruby,Griffin,rgriffin7k@cisco.com,Female,60 Magdeline Drive,Fairbanks,AK,99790
274,274,5,Daniel,Riley,driley7l@zdnet.com,Male,0441 Express Place,Warren,OH,44485
275,275,7,Alice,Brown,abrown7m@fc2.com,Female,319 Westridge Circle,Minneapolis,MN,55441
276,276,1,Carlos,Spencer,cspencer7n@infoseek.co.jp,Male,31166 Buell Way,Delray Beach,FL,33448
277,277,9,Rebecca,Perkins,rperkins7o@nih.gov,Female,1 School Pass,Denver,CO,80204
278,278,2,Justin,Rodriguez,jrodriguez7p@unc.edu,Male,50680 Acker Way,Tacoma,WA,98424
279,279,4,Billy,Kelly,bkelly7q@blogs.com,Male,77 Sheridan Road,Charleston,SC,29411
280,280,3,Diane,Patterson,dpatterson7r@uiuc.edu,Female,50685 Springs Street,Monticello,MN,55590
281,281,8,Joyce,Williamson,jwilliamson7s@hao123.com,Female,867 Hoffman Place,Springfield,MA,01152
282,282,6,Raymond,Lane,rlane7t@alexa.com,Male,98111 Hoard Pass,Lexington,KY,40576
283,283,6,Aaron,Johnston,ajohnston7u@tripadvisor.com,Male,73001 Arrowood Avenue,Miami,FL,33245
284,284,3,William,Black,wblack7v@hc360.com,Male,3 American Ash Terrace,El Paso,TX,79923
285,285,2,Jane,Fields,jfields7w@soundcloud.com,Female,87391 Melby Center,Lincoln,NE,68583
286,286,4,Heather,Alexander,halexander7x@dion.ne.jp,Female,5772 Butternut Road,Fresno,CA,93762
287,287,0,William,Bradley,wbradley7y@bizjournals.com,Male,0 Quincy Parkway,Lake Charles,LA,70616
288,288,0,Frances,Nichols,fnichols7z@flavors.me,Female,07220 Grayhawk Terrace,Las Vegas,NV,89178
289,289,8,Jane,Dixon,jdixon80@stumbleupon.com,Female,8 Forster Court,Austin,TX,78737
290,290,4,Keith,Stevens,kstevens81@patch.com,Male,41800 Hovde Point,Saint Petersburg,FL,33731
291,291,7,Jesse,Hunter,jhunter82@eventbrite.com,Male,78 Ridge Oak Park,Bowie,MD,20719
292,292,5,Joan,Lawson,jlawson83@utexas.edu,Female,1 High Crossing Lane,Columbia,SC,29220
293,293,3,Frances,Sims,fsims84@1und1.de,Female,4 Old Gate Way,San Jose,CA,95194
294,294,8,Carol,Baker,cbaker85@is.gd,Female,16741 Carey Terrace,New Haven,CT,06510
295,295,3,Charles,Perry,cperry86@example.com,Male,982 Lyons Trail,Anchorage,AK,99512
296,296,6,Billy,Hansen,bhansen87@nature.com,Male,295 Melody Street,Houston,TX,77095
297,297,7,Michael,Fields,mfields88@barnesandnoble.com,Male,59704 Springs Plaza,Washington,DC,20319
298,298,4,Stephen,Woods,swoods89@usda.gov,Male,39161 Lunder Alley,Chicago,IL,60614
299,299,7,Martha,Barnes,mbarnes8a@theatlantic.com,Female,007 Myrtle Park,Sacramento,CA,95823
300,300,2,Eric,Wilson,ewilson8b@nifty.com,Male,607 Arapahoe Circle,Vienna,VA,22184
301,301,2,Jason,Cunningham,jcunningham8c@amazon.co.jp,Male,6 Stoughton Alley,Houston,TX,77212
302,302,8,Wanda,Arnold,warnold8d@symantec.com,Female,10 Granby Parkway,Houston,TX,77085
303,303,1,Melissa,Lynch,mlynch8e@deviantart.com,Female,380 Golf Course Court,Columbus,OH,43210
304,304,5,Rebecca,Wallace,rwallace8f@ihg.com,Female,349 Lindbergh Plaza,Austin,TX,78732
305,305,1,Julia,Coleman,jcoleman8g@opensource.org,Female,52 Main Pass,Charlotte,NC,28210
306,306,1,Nicholas,Harper,nharper8h@sina.com.cn,Male,6154 John Wall Alley,Salt Lake City,UT,84125
307,307,0,Elizabeth,Henry,ehenry8i@webeden.co.uk,Female,550 Caliangt Way,Gary,IN,46406
308,308,6,Christine,Stephens,cstephens8j@comsenz.com,Female,22 Victoria Court,Tampa,FL,33610
309,309,9,Clarence,Cruz,ccruz8k@ycombinator.com,Male,17326 Graceland Drive,Des Moines,IA,50330
310,310,5,Chris,Scott,cscott8l@slideshare.net,Male,9 Center Center,Springfield,IL,62723
311,311,8,Ernest,Wright,ewright8m@army.mil,Male,938 Mcbride Lane,Roanoke,VA,24020
312,312,9,Mildred,Greene,mgreene8n@economist.com,Female,427 Lien Avenue,Shreveport,LA,71151
313,313,3,Wanda,Hernandez,whernandez8o@ezinearticles.com,Female,0 Dexter Place,Oklahoma City,OK,73152
314,314,5,Tammy,Moreno,tmoreno8p@engadget.com,Female,2701 Homewood Trail,Tacoma,WA,98481
315,315,9,Randy,Barnes,rbarnes8q@sina.com.cn,Male,8027 Michigan Court,Torrance,CA,90510
316,316,6,Kathy,Arnold,karnold8r@dmoz.org,Female,1055 Myrtle Trail,Saint Louis,MO,63136
317,317,3,Lawrence,Gray,lgray8s@paginegialle.it,Male,21927 Oriole Trail,Fort Lauderdale,FL,33325
318,318,5,Wanda,Dunn,wdunn8t@apple.com,Female,3113 Loeprich Lane,Sacramento,CA,94257
319,319,2,Harry,Morrison,hmorrison8u@alexa.com,Male,699 Stuart Plaza,Spring Hill,FL,34611
320,320,5,Roy,Peterson,rpeterson8v@cbsnews.com,Male,4 Beilfuss Drive,Orlando,FL,32819
321,321,3,Stephen,Adams,sadams8w@xinhuanet.com,Male,0419 Anniversary Circle,Washington,DC,20016
322,322,7,Gary,Matthews,gmatthews8x@miitbeian.gov.cn,Male,6 Forster Drive,Jacksonville,FL,32259
323,323,7,Stephanie,Rogers,srogers8y@boston.com,Female,5 Carpenter Road,Savannah,GA,31416
324,324,1,Anna,Bell,abell8z@tinyurl.com,Female,0 Crest Line Park,Chicago,IL,60669
325,325,8,Steve,Howard,showard90@wufoo.com,Male,37259 Killdeer Plaza,Grand Rapids,MI,49544
326,326,6,Louis,Kelly,lkelly91@shareasale.com,Male,3 Dottie Drive,Indianapolis,IN,46202
327,327,5,Jerry,Elliott,jelliott92@ustream.tv,Male,81 Kedzie Point,Amarillo,TX,79182
328,328,8,Henry,Webb,hwebb93@wp.com,Male,5558 Lakeland Road,Washington,DC,20520
329,329,3,Anthony,Hunt,ahunt94@quantcast.com,Male,183 Myrtle Road,Des Moines,IA,50393
330,330,3,Bruce,Carr,bcarr95@nymag.com,Male,216 2nd Circle,New York City,NY,10014
331,331,0,Kathleen,Lewis,klewis96@google.co.uk,Female,70671 Hoepker Point,Toledo,OH,43610
332,332,2,Robin,Fields,rfields97@e-recht24.de,Female,49 Larry Road,Washington,DC,20260
333,333,9,Laura,Powell,lpowell98@oaic.gov.au,Female,800 Lukken Place,Memphis,TN,38114
334,334,2,Kelly,Harris,kharris99@nyu.edu,Female,024 2nd Hill,Saint Petersburg,FL,33710
335,335,3,Jennifer,Smith,jsmith9a@senate.gov,Female,07979 David Pass,Huntington,WV,25721
336,336,1,Betty,Lynch,blynch9b@google.fr,Female,51038 Armistice Circle,San Diego,CA,92105
337,337,8,Jessica,Meyer,jmeyer9c@51.la,Female,3713 Kensington Place,Marietta,GA,30061
338,338,4,Pamela,Hicks,phicks9d@de.vu,Female,5761 Oak Valley Street,Washington,DC,20404
339,339,7,Frank,Kim,fkim9e@state.gov,Male,9625 Moose Trail,Columbus,OH,43215
340,340,2,Sharon,Carter,scarter9f@theglobeandmail.com,Female,6048 Rowland Center,San Francisco,CA,94177
341,341,5,Jesse,Mendoza,jmendoza9g@dell.com,Male,22 Weeping Birch Plaza,San Bernardino,CA,92405
342,342,9,Chris,Mills,cmills9h@europa.eu,Male,2491 Golden Leaf Trail,Albuquerque,NM,87195
343,343,1,Mildred,Taylor,mtaylor9i@canalblog.com,Female,24 Blaine Plaza,Charlotte,NC,28205
344,344,4,Donna,Hamilton,dhamilton9j@issuu.com,Female,8 Lukken Court,Phoenix,AZ,85020
345,345,4,Clarence,Carter,ccarter9k@ftc.gov,Male,9 Southridge Avenue,Daytona Beach,FL,32123
346,346,2,Howard,Taylor,htaylor9l@devhub.com,Male,99 John Wall Trail,Long Beach,CA,90847
347,347,4,Cynthia,Garza,cgarza9m@dropbox.com,Female,6 Southridge Place,Honolulu,HI,96810
348,348,1,Joseph,Richardson,jrichardson9n@mapy.cz,Male,740 Talisman Hill,Asheville,NC,28805
349,349,7,Nicole,Wilson,nwilson9o@wunderground.com,Female,7162 Gateway Center,Grand Rapids,MI,49510
350,350,7,Peter,White,pwhite9p@wikispaces.com,Male,4 Gina Alley,Sarasota,FL,34233
351,351,3,Nicholas,Rivera,nrivera9q@buzzfeed.com,Male,328 Marcy Point,Philadelphia,PA,19125
352,352,4,Clarence,Garcia,cgarcia9r@google.com,Male,5940 Del Mar Junction,Spokane,WA,99215
353,353,5,Kathryn,Campbell,kcampbell9s@cnbc.com,Female,550 Melby Terrace,Fresno,CA,93704
354,354,7,Matthew,Ford,mford9t@sphinn.com,Male,599 Mosinee Point,Cincinnati,OH,45213
355,355,3,Keith,Chavez,kchavez9u@multiply.com,Male,52 Gale Street,Sacramento,CA,94286
356,356,1,Brandon,Cole,bcole9v@printfriendly.com,Male,5005 Porter Court,Melbourne,FL,32919
357,357,5,Stephen,Garcia,sgarcia9w@wufoo.com,Male,1862 Farragut Point,Birmingham,AL,35236
358,358,7,Daniel,Gibson,dgibson9x@multiply.com,Male,1510 Fulton Drive,Buffalo,NY,14205
359,359,6,Anna,Morrison,amorrison9y@mapy.cz,Female,3052 3rd Park,Memphis,TN,38136
360,360,1,Michelle,Chavez,mchavez9z@ucoz.com,Female,6443 Riverside Court,Reston,VA,22096
361,361,6,Carlos,Hunt,chunta0@friendfeed.com,Male,23589 Warner Crossing,Anderson,SC,29625
362,362,2,Mark,Oliver,molivera1@surveymonkey.com,Male,00504 Surrey Parkway,Silver Spring,MD,20918
363,363,0,Gerald,Howard,ghowarda2@theguardian.com,Male,1 Cottonwood Avenue,Flushing,NY,11388
364,364,5,Ralph,Alvarez,ralvareza3@myspace.com,Male,62759 Blaine Court,Baltimore,MD,21216
365,365,9,Dorothy,Richards,drichardsa4@blogspot.com,Female,126 Briar Crest Drive,Bonita Springs,FL,34135
366,366,3,Cynthia,Riley,crileya5@mac.com,Female,90 Crownhardt Avenue,Sandy,UT,84093
367,367,6,Justin,Tucker,jtuckera6@reference.com,Male,00 Brickson Park Pass,San Antonio,TX,78240
368,368,0,Beverly,Dean,bdeana7@chicagotribune.com,Female,4 Spenser Plaza,Knoxville,TN,37919
369,369,8,Lisa,Perez,lpereza8@admin.ch,Female,934 Parkside Park,Suffolk,VA,23436
370,370,6,Katherine,Duncan,kduncana9@liveinternet.ru,Female,62303 Bayside Circle,Fort Lauderdale,FL,33315
371,371,9,Harry,Graham,hgrahamaa@friendfeed.com,Male,7 Tennyson Park,Aurora,CO,80044
372,372,2,Julia,Thomas,jthomasab@amazonaws.com,Female,73866 Bayside Court,Gainesville,FL,32627
373,373,8,Nicholas,Hunter,nhunterac@go.com,Male,91 Browning Point,Washington,DC,20425
374,374,4,Charles,Ford,cfordad@columbia.edu,Male,13316 Darwin Pass,Appleton,WI,54915
375,375,4,Margaret,Gilbert,mgilbertae@rambler.ru,Female,1 Shoshone Road,Arvada,CO,80005
376,376,6,Lois,Gordon,lgordonaf@wikipedia.org,Female,45677 Northland Center,Erie,PA,16505
377,377,7,Carl,Stanley,cstanleyag@globo.com,Male,2 Meadow Vale Way,Newark,DE,19714
378,378,9,Bruce,Chapman,bchapmanah@bloglines.com,Male,0750 Hoffman Circle,Huntington,WV,25775
379,379,9,Frank,Webb,fwebbai@mediafire.com,Male,10236 Linden Circle,Nashville,TN,37228
380,380,7,Catherine,Collins,ccollinsaj@ning.com,Female,643 Rieder Way,Flint,MI,48555
381,381,6,Shirley,Price,spriceak@ihg.com,Female,5 Donald Terrace,Atlanta,GA,31106
382,382,3,Justin,Wheeler,jwheeleral@posterous.com,Male,2 Express Drive,Grand Rapids,MI,49518
383,383,1,Sean,Henry,shenryam@symantec.com,Male,0481 Spaight Point,New York City,NY,10160
384,384,7,Dennis,Austin,daustinan@ftc.gov,Male,4943 1st Plaza,Miami,FL,33245
385,385,7,Ralph,Flores,rfloresao@auda.org.au,Male,0 Birchwood Circle,Bronx,NY,10474
386,386,8,Kelly,Jenkins,kjenkinsap@china.com.cn,Female,831 Sutteridge Park,Brooklyn,NY,11225
387,387,4,Donna,Morgan,dmorganaq@foxnews.com,Female,3 Oxford Road,Memphis,TN,38131
388,388,0,Jessica,Thompson,jthompsonar@w3.org,Female,12 Twin Pines Park,Worcester,MA,01610
389,389,4,Ashley,Gonzales,agonzalesas@zimbio.com,Female,6631 Rigney Junction,Elmira,NY,14905
390,390,8,Theresa,Lynch,tlynchat@globo.com,Female,14530 Westerfield Center,Cincinnati,OH,45203
391,391,5,Marilyn,Fisher,mfisherau@kickstarter.com,Female,0019 Maple Wood Circle,Gulfport,MS,39505
392,392,3,Helen,Castillo,hcastilloav@newsvine.com,Female,84498 Annamark Lane,Provo,UT,84605
393,393,0,Walter,Bryant,wbryantaw@bloglines.com,Male,74 Fairfield Center,Mc Keesport,PA,15134
394,394,3,Judy,Henry,jhenryax@tmall.com,Female,5194 Laurel Street,Spring,TX,77388
395,395,2,Heather,Montgomery,hmontgomeryay@friendfeed.com,Female,3 Reinke Center,Grand Forks,ND,58207
396,396,7,Rose,Palmer,rpalmeraz@linkedin.com,Female,159 Shelley Center,Fargo,ND,58106
397,397,5,Jacqueline,Gray,jgrayb0@samsung.com,Female,113 Vera Hill,Bowie,MD,20719
398,398,9,Sandra,Tucker,stuckerb1@abc.net.au,Female,71 Steensland Pass,Laredo,TX,78044
399,399,1,Victor,Walker,vwalkerb2@yahoo.com,Male,143 Granby Court,Spokane,WA,99260
400,400,7,Lawrence,Ford,lfordb3@sourceforge.net,Male,73 Pearson Way,Boise,ID,83727
401,401,0,Harry,Hawkins,hhawkinsb4@newsvine.com,Male,02 Ridgeway Alley,Chattanooga,TN,37416
402,402,1,Nicole,Green,ngreenb5@bizjournals.com,Female,33 Mesta Drive,El Paso,TX,88579
403,403,0,Karen,Morales,kmoralesb6@spiegel.de,Female,15117 Marquette Parkway,Saint Louis,MO,63158
404,404,3,Donna,Webb,dwebbb7@barnesandnoble.com,Female,19 Nova Center,Saint Louis,MO,63180
405,405,1,Howard,Patterson,hpattersonb8@ed.gov,Male,25 Dorton Circle,Bronx,NY,10454
406,406,8,Bonnie,Simpson,bsimpsonb9@economist.com,Female,5 Bluestem Alley,Birmingham,AL,35210
407,407,0,Joseph,Cruz,jcruzba@shutterfly.com,Male,4 Burrows Circle,Houston,TX,77055
408,408,8,Thomas,Allen,tallenbb@sogou.com,Male,7 Manufacturers Terrace,Ogden,UT,84403
409,409,1,Margaret,Gilbert,mgilbertbc@wsj.com,Female,392 Sheridan Lane,Richmond,VA,23285
410,410,3,Wayne,Murphy,wmurphybd@csmonitor.com,Male,1 Porter Drive,Richmond,VA,23285
411,411,2,Alice,Reynolds,areynoldsbe@adobe.com,Female,22 Ryan Crossing,Minneapolis,MN,55446
412,412,1,Stephanie,Bailey,sbaileybf@parallels.com,Female,5 Bay Parkway,Frankfort,KY,40618
413,413,0,Andrea,Johnston,ajohnstonbg@google.nl,Female,121 Killdeer Court,Corpus Christi,TX,78475
414,414,6,Cynthia,Holmes,cholmesbh@opera.com,Female,419 Waxwing Terrace,Columbus,OH,43284
415,415,2,Roy,Campbell,rcampbellbi@issuu.com,Male,648 Jackson Point,Columbia,SC,29203
416,416,4,Nicole,Hunt,nhuntbj@discuz.net,Female,9 Kropf Road,Pasadena,CA,91109
417,417,1,David,Alvarez,dalvarezbk@ovh.net,Male,85 Center Center,Pompano Beach,FL,33075
418,418,7,Jeremy,Mcdonald,jmcdonaldbl@gnu.org,Male,6855 Lakeland Junction,Columbia,MO,65211
419,419,4,Eugene,Crawford,ecrawfordbm@creativecommons.org,Male,36 Dryden Terrace,Annapolis,MD,21405
420,420,3,Bonnie,Gardner,bgardnerbn@epa.gov,Female,106 Artisan Terrace,College Station,TX,77844
421,421,3,Kathleen,Harper,kharperbo@time.com,Female,045 Arizona Trail,Chicago,IL,60641
422,422,1,Douglas,Clark,dclarkbp@github.io,Male,7449 Steensland Lane,Dallas,TX,75265
423,423,5,Margaret,Bennett,mbennettbq@over-blog.com,Female,6816 Ridgeway Pass,New Orleans,LA,70187
424,424,8,Jennifer,Lynch,jlynchbr@live.com,Female,29875 Roxbury Crossing,Atlanta,GA,30343
425,425,0,Roger,Griffin,rgriffinbs@slideshare.net,Male,40363 Banding Road,Bradenton,FL,34282
426,426,7,Melissa,Arnold,marnoldbt@google.com,Female,5746 Corry Avenue,Madison,WI,53705
427,427,1,Samuel,Brown,sbrownbu@arstechnica.com,Male,3 Aberg Avenue,Oklahoma City,OK,73114
428,428,5,Shirley,Garcia,sgarciabv@gravatar.com,Female,4120 Coleman Park,Tucson,AZ,85715
429,429,7,Martin,Gilbert,mgilbertbw@blinklist.com,Male,3880 Delladonna Terrace,Saint Louis,MO,63150
430,430,8,Linda,Brown,lbrownbx@usgs.gov,Female,4 Hoard Street,Flint,MI,48555
431,431,2,Martha,Russell,mrussellby@washingtonpost.com,Female,265 Continental Center,Seattle,WA,98115
432,432,1,Thomas,Coleman,tcolemanbz@mozilla.com,Male,9 Lindbergh Drive,Pittsburgh,PA,15225
433,433,0,Henry,Peterson,hpetersonc0@hibu.com,Male,4983 Manufacturers Court,Concord,CA,94522
434,434,1,Michelle,Allen,mallenc1@youku.com,Female,305 Golf Pass,New York City,NY,10155
435,435,0,Bruce,Cruz,bcruzc2@newyorker.com,Male,57 John Wall Point,Portland,OR,97211
436,436,8,Gregory,Carpenter,gcarpenterc3@ycombinator.com,Male,168 Mallory Street,Toledo,OH,43666
437,437,7,Kenneth,Johnson,kjohnsonc4@latimes.com,Male,673 Northridge Road,Fort Wayne,IN,46805
438,438,5,Debra,Shaw,dshawc5@yahoo.co.jp,Female,01234 Fordem Crossing,Nashville,TN,37205
439,439,9,Bobby,Dean,bdeanc6@webs.com,Male,3 Hoffman Avenue,Trenton,NJ,08603
440,440,6,Kathryn,Hill,khillc7@51.la,Female,17815 Jana Drive,Hartford,CT,06152
441,441,0,Gary,Welch,gwelchc8@foxnews.com,Male,300 Eastwood Plaza,Des Moines,IA,50393
442,442,7,Philip,Johnston,pjohnstonc9@ftc.gov,Male,5395 Jana Alley,Glendale,AZ,85305
443,443,5,Patricia,Williamson,pwilliamsonca@si.edu,Female,9 Prairieview Lane,Richmond,VA,23242
444,444,7,Rebecca,Harrison,rharrisoncb@list-manage.com,Female,702 Crowley Street,Chico,CA,95973
445,445,4,Joseph,Jacobs,jjacobscc@skype.com,Male,34471 Mccormick Terrace,Youngstown,OH,44555
446,446,8,Bobby,Wilson,bwilsoncd@accuweather.com,Male,809 Milwaukee Center,San Diego,CA,92132
447,447,8,Martha,Freeman,mfreemance@yelp.com,Female,01 Carpenter Avenue,Nashville,TN,37220
448,448,6,Jeremy,Stanley,jstanleycf@amazon.co.uk,Male,7223 Dapin Avenue,Aiken,SC,29805
449,449,0,Linda,Henderson,lhendersoncg@theglobeandmail.com,Female,456 Kedzie Trail,Springfield,IL,62794
450,450,9,Alice,Rogers,arogersch@live.com,Female,07268 Lukken Street,San Antonio,TX,78245
451,451,9,Christine,Daniels,cdanielsci@irs.gov,Female,978 Fallview Circle,Nashville,TN,37250
452,452,6,Jose,Roberts,jrobertscj@paypal.com,Male,16 Coleman Road,Denver,CO,80249
453,453,9,Lisa,Washington,lwashingtonck@unc.edu,Female,9 Waxwing Center,Florence,SC,29505
454,454,4,Heather,Lawson,hlawsoncl@friendfeed.com,Female,4 Mesta Court,Washington,DC,20268
455,455,5,Raymond,Carroll,rcarrollcm@yolasite.com,Male,0972 Holy Cross Parkway,Santa Monica,CA,90405
456,456,7,Anna,Jackson,ajacksoncn@state.gov,Female,210 Bluestem Plaza,Terre Haute,IN,47805
457,457,9,Douglas,Vasquez,dvasquezco@unesco.org,Male,120 Rowland Place,Hattiesburg,MS,39404
458,458,6,Chris,Hart,chartcp@indiatimes.com,Male,324 Anniversary Avenue,Winston Salem,NC,27150
459,459,5,Gerald,Holmes,gholmescq@cargocollective.com,Male,1643 Fulton Junction,Albuquerque,NM,87195
460,460,0,Scott,Mcdonald,smcdonaldcr@ted.com,Male,7 Oxford Parkway,Huntington,WV,25709
461,461,1,Richard,Daniels,rdanielscs@usa.gov,Male,3 Dryden Drive,Mobile,AL,36622
462,462,6,Bonnie,Johnson,bjohnsonct@wikispaces.com,Female,01 Oriole Point,Wilmington,DE,19892
463,463,7,Evelyn,Phillips,ephillipscu@bbb.org,Female,7 South Street,Sterling,VA,20167
464,464,1,Fred,Phillips,fphillipscv@histats.com,Male,1 Pearson Hill,Kansas City,MO,64149
465,465,2,Joshua,Perkins,jperkinscw@goo.ne.jp,Male,98 Carpenter Drive,Toledo,OH,43635
466,466,3,Walter,Ramirez,wramirezcx@bandcamp.com,Male,17 Rockefeller Way,Portland,OR,97229
467,467,5,Eugene,Harper,eharpercy@gizmodo.com,Male,7183 Gulseth Road,Boston,MA,02216
468,468,6,Christina,George,cgeorgecz@gnu.org,Female,2432 Columbus Lane,Pensacola,FL,32575
469,469,2,Judy,Griffin,jgriffind0@state.gov,Female,80531 Melvin Trail,Jacksonville,FL,32244
470,470,1,Janice,Coleman,jcolemand1@usatoday.com,Female,8 Kim Alley,Pueblo,CO,81005
471,471,4,Jonathan,Rodriguez,jrodriguezd2@yellowbook.com,Male,2 Armistice Alley,San Antonio,TX,78291
472,472,1,Sean,Long,slongd3@slate.com,Male,3780 Shelley Alley,Bakersfield,CA,93381
473,473,6,Edward,Spencer,espencerd4@google.ca,Male,021 Dahle Plaza,Los Angeles,CA,90076
474,474,2,Ronald,Turner,rturnerd5@youtu.be,Male,62 Bartelt Center,Jackson,MS,39216
475,475,0,Steve,Nichols,snicholsd6@discovery.com,Male,22196 Schurz Circle,Seattle,WA,98121
476,476,2,Johnny,Foster,jfosterd7@squarespace.com,Male,351 Bowman Center,Reno,NV,89510
477,477,0,Raymond,Mendoza,rmendozad8@cnet.com,Male,184 Knutson Court,Chicago,IL,60657
478,478,7,Diana,Rivera,driverad9@jimdo.com,Female,16 Bartelt Terrace,Cincinnati,OH,45243
479,479,7,Kimberly,Boyd,kboydda@meetup.com,Female,84 Gina Way,Watertown,MA,02472
480,480,7,Charles,Wilson,cwilsondb@multiply.com,Male,2 Rigney Junction,Cambridge,MA,02142
481,481,5,Keith,Murphy,kmurphydc@dmoz.org,Male,11352 Almo Avenue,Worcester,MA,01610
482,482,6,Bobby,Simmons,bsimmonsdd@ft.com,Male,48 Talisman Junction,Las Cruces,NM,88006
483,483,1,Ernest,Woods,ewoodsde@i2i.jp,Male,1 Lyons Avenue,Norfolk,VA,23504
484,484,2,Jean,Price,jpricedf@edublogs.org,Female,433 Dixon Pass,Washington,DC,20036
485,485,4,Roger,Schmidt,rschmidtdg@skyrock.com,Male,0 Marquette Court,Fullerton,CA,92835
486,486,2,Douglas,Smith,dsmithdh@free.fr,Male,7 Moulton Park,Dayton,OH,45454
487,487,8,Sharon,Duncan,sduncandi@yale.edu,Female,87 Main Crossing,Farmington,MI,48335
488,488,3,Peter,Hughes,phughesdj@nhs.uk,Male,3 Golden Leaf Lane,Albany,NY,12227
489,489,7,William,Griffin,wgriffindk@blogtalkradio.com,Male,19839 Manufacturers Hill,Portland,OR,97286
490,490,5,Rebecca,Owens,rowensdl@g.co,Female,9577 Hintze Avenue,Northridge,CA,91328
491,491,0,Gary,Torres,gtorresdm@multiply.com,Male,2193 East Junction,Miami,FL,33124
492,492,5,Adam,Castillo,acastillodn@usnews.com,Male,8 1st Drive,Tulsa,OK,74133
493,493,9,Aaron,Warren,awarrendo@theatlantic.com,Male,0 Washington Park,Durham,NC,27717
494,494,8,Juan,Daniels,jdanielsdp@biglobe.ne.jp,Male,70134 Mayfield Junction,Des Moines,IA,50320
495,495,1,Heather,Jackson,hjacksondq@wordpress.com,Female,75577 4th Junction,Philadelphia,PA,19136
496,496,0,Martin,Willis,mwillisdr@prweb.com,Male,5490 Banding Circle,Cleveland,OH,44191
497,497,1,Julie,Lopez,jlopezds@house.gov,Female,14608 Shoshone Hill,Wilmington,NC,28405
498,498,5,Andrea,Howell,ahowelldt@toplist.cz,Female,8 Coolidge Junction,Denver,CO,80291
499,499,5,Teresa,Sims,tsimsdu@cdc.gov,Female,6993 Larry Street,Houston,TX,77299
500,500,9,Patrick,Wilson,pwilsondv@usatoday.com,Male,935 Lawn Crossing,New York City,NY,10110
501,501,6,Julie,Greene,jgreenedw@is.gd,Female,2603 Arizona Terrace,Fort Worth,TX,76162
502,502,6,Jack,Nichols,jnicholsdx@harvard.edu,Male,247 Butternut Crossing,Knoxville,TN,37931
503,503,2,Carl,Welch,cwelchdy@about.com,Male,3 Beilfuss Crossing,Cleveland,OH,44177
504,504,0,Brian,Wallace,bwallacedz@bloglovin.com,Male,278 Kropf Pass,West Palm Beach,FL,33405
505,505,1,Jeremy,Stewart,jstewarte0@ted.com,Male,86934 Dahle Lane,Memphis,TN,38131
506,506,3,Steve,Cunningham,scunninghame1@phpbb.com,Male,2 Armistice Park,San Antonio,TX,78215
507,507,9,Joe,Gray,jgraye2@earthlink.net,Male,79792 Cascade Trail,Baton Rouge,LA,70894
508,508,6,Ernest,Morales,emoralese3@etsy.com,Male,858 Northport Park,Carol Stream,IL,60158
509,509,2,Sharon,Boyd,sboyde4@e-recht24.de,Female,14 Grasskamp Plaza,Long Beach,CA,90840
510,510,7,Julia,Tucker,jtuckere5@seattletimes.com,Female,854 Schlimgen Court,Carlsbad,CA,92013
511,511,4,Katherine,Alvarez,kalvareze6@go.com,Female,9 Iowa Park,Bryan,TX,77806
512,512,5,Russell,Kennedy,rkennedye7@gnu.org,Male,9421 Becker Road,Santa Ana,CA,92705
513,513,4,Alan,Ryan,aryane8@netscape.com,Male,87232 Hauk Place,Lafayette,LA,70593
514,514,0,Steven,Stewart,sstewarte9@mlb.com,Male,52 Hermina Center,Atlanta,GA,30316
515,515,4,Joe,Meyer,jmeyerea@dyndns.org,Male,8449 Hayes Circle,Tucson,AZ,85732
516,516,0,Cheryl,Arnold,carnoldeb@symantec.com,Female,45276 Parkside Hill,Worcester,MA,01605
517,517,4,Julia,Berry,jberryec@t.co,Female,2447 Moulton Street,Salt Lake City,UT,84152
518,518,0,Julie,Day,jdayed@google.nl,Female,218 Holy Cross Circle,Augusta,GA,30905
519,519,0,Juan,Jackson,jjacksonee@amazon.com,Male,66134 Sundown Terrace,Mesa,AZ,85215
520,520,0,Andrew,Stanley,astanleyef@i2i.jp,Male,40276 5th Lane,Roanoke,VA,24004
521,521,9,Virginia,Rose,vroseeg@hexun.com,Female,9534 Maple Wood Circle,Fresno,CA,93778
522,522,2,Henry,Richardson,hrichardsoneh@gmpg.org,Male,85241 Blaine Point,Jackson,MS,39296
523,523,3,Elizabeth,Banks,ebanksei@myspace.com,Female,64 Annamark Way,San Jose,CA,95133
524,524,2,Jane,Griffin,jgriffinej@accuweather.com,Female,0 Derek Parkway,Austin,TX,78764
525,525,7,Dennis,Mitchell,dmitchellek@vinaora.com,Male,85 Carpenter Circle,Scranton,PA,18505
526,526,4,Steven,Harrison,sharrisonel@spiegel.de,Male,75090 Mifflin Parkway,Brooklyn,NY,11210
527,527,3,Steve,Kim,skimem@google.nl,Male,7 Becker Pass,Detroit,MI,48211
528,528,4,Nancy,Arnold,narnolden@istockphoto.com,Female,823 Dahle Parkway,Norwalk,CT,06854
529,529,3,Shawn,Patterson,spattersoneo@house.gov,Male,974 Ronald Regan Lane,Palo Alto,CA,94302
530,530,5,Clarence,Rodriguez,crodriguezep@oakley.com,Male,0 Riverside Hill,Savannah,GA,31405
531,531,7,Carol,Watson,cwatsoneq@forbes.com,Female,4099 Old Shore Trail,New York City,NY,10019
532,532,3,Brian,Martinez,bmartinezer@samsung.com,Male,387 Bunker Hill Court,Phoenix,AZ,85005
533,533,8,Willie,Stewart,wstewartes@patch.com,Male,5882 Spaight Street,Maple Plain,MN,55579
534,534,9,Joan,Gutierrez,jgutierrezet@phoca.cz,Female,698 Oak Avenue,Chicago,IL,60663
535,535,9,Randy,Shaw,rshaweu@merriam-webster.com,Male,52 Coleman Place,Seattle,WA,98127
536,536,0,Joshua,Olson,jolsonev@geocities.jp,Male,73 Clemons Parkway,Springfield,MA,01129
537,537,5,Helen,Grant,hgrantew@soup.io,Female,7540 Maryland Avenue,Toledo,OH,43656
538,538,9,Rachel,Wagner,rwagnerex@twitter.com,Female,19 Golden Leaf Lane,Sioux Falls,SD,57188
539,539,3,Mary,Gordon,mgordoney@sfgate.com,Female,0470 Shelley Road,Baltimore,MD,21290
540,540,7,Johnny,Fuller,jfullerez@nps.gov,Male,830 Jay Plaza,Lansing,MI,48930
541,541,1,Diane,Wheeler,dwheelerf0@arizona.edu,Female,001 Delaware Road,Arlington,TX,76004
542,542,5,Richard,Murray,rmurrayf1@digg.com,Male,961 Golf View Avenue,Reno,NV,89510
543,543,7,Elizabeth,Green,egreenf2@cbsnews.com,Female,0 Chinook Plaza,Saint Louis,MO,63158
544,544,3,Betty,Washington,bwashingtonf3@columbia.edu,Female,585 Bunting Way,Cincinnati,OH,45218
545,545,3,Billy,Gonzalez,bgonzalezf4@mysql.com,Male,8 Luster Trail,Austin,TX,78783
546,546,3,Virginia,Ray,vrayf5@tripod.com,Female,50263 Bonner Court,Oklahoma City,OK,73167
547,547,5,Joseph,Lewis,jlewisf6@smugmug.com,Male,89905 Manufacturers Parkway,Washington,DC,20078
548,548,5,Anthony,Rose,arosef7@ucsd.edu,Male,4381 4th Plaza,Cleveland,OH,44197
549,549,2,Jack,Wagner,jwagnerf8@shareasale.com,Male,281 Londonderry Road,Harrisburg,PA,17140
550,550,5,Randy,Gibson,rgibsonf9@google.pl,Male,2 Sundown Park,Des Moines,IA,50981
551,551,7,Gloria,Hall,ghallfa@webs.com,Female,45141 Valley Edge Junction,Richmond,VA,23293
552,552,2,Craig,Hughes,chughesfb@jigsy.com,Male,7 Weeping Birch Place,Buffalo,NY,14269
553,553,3,Nicholas,Ryan,nryanfc@jalbum.net,Male,942 Schurz Parkway,Longview,TX,75605
554,554,7,Julie,Graham,jgrahamfd@chicagotribune.com,Female,68998 Daystar Road,Alexandria,VA,22301
555,555,7,Kelly,Washington,kwashingtonfe@wunderground.com,Female,9905 Welch Pass,Bloomington,IL,61709
556,556,8,Diane,Gonzalez,dgonzalezff@blogs.com,Female,99 Grayhawk Place,Brooklyn,NY,11225
557,557,8,Earl,Long,elongfg@jigsy.com,Male,28456 Sunfield Avenue,Chicago,IL,60609
558,558,3,Sandra,Bryant,sbryantfh@moonfruit.com,Female,9 Sutherland Circle,Oklahoma City,OK,73124
559,559,8,Jeremy,Morales,jmoralesfi@flavors.me,Male,9314 Raven Center,Canton,OH,44760
560,560,2,Shawn,Brown,sbrownfj@nps.gov,Male,370 Eliot Center,Galveston,TX,77554
561,561,9,Barbara,Murphy,bmurphyfk@nasa.gov,Female,925 Del Sol Crossing,Washington,DC,20215
562,562,7,Irene,Fernandez,ifernandezfl@ebay.co.uk,Female,5 Linden Avenue,Washington,DC,20566
563,563,6,Thomas,Hawkins,thawkinsfm@xinhuanet.com,Male,4 Rusk Street,Minneapolis,MN,55428
564,564,0,Charles,Cunningham,ccunninghamfn@indiatimes.com,Male,207 Sunbrook Trail,Fort Lauderdale,FL,33315
565,565,1,Debra,Ramirez,dramirezfo@arstechnica.com,Female,7167 Eagan Trail,Philadelphia,PA,19151
566,566,0,Ruth,Henry,rhenryfp@deviantart.com,Female,10 Iowa Road,Kansas City,MO,64149
567,567,5,Martin,Hansen,mhansenfq@w3.org,Male,12426 Ridge Oak Court,Lincoln,NE,68531
568,568,0,Jose,Harvey,jharveyfr@imdb.com,Male,840 Porter Road,Sioux City,IA,51105
569,569,7,Douglas,Bryant,dbryantfs@tamu.edu,Male,7305 Hanson Street,Kansas City,MO,64144
570,570,4,Randy,Stephens,rstephensft@clickbank.net,Male,92906 Victoria Park,San Jose,CA,95133
571,571,9,Jason,Harvey,jharveyfu@virginia.edu,Male,4915 Redwing Drive,Fargo,ND,58106
572,572,2,Terry,Fuller,tfullerfv@diigo.com,Male,08057 Bellgrove Way,Indianapolis,IN,46221
573,573,1,Philip,Moore,pmoorefw@state.gov,Male,39 Ludington Circle,Indianapolis,IN,46254
574,574,8,Dennis,Hawkins,dhawkinsfx@statcounter.com,Male,3720 Pearson Pass,Washington,DC,20088
575,575,3,Aaron,Mitchell,amitchellfy@sun.com,Male,7 Fieldstone Court,New Haven,CT,06505
576,576,6,Elizabeth,Stanley,estanleyfz@china.com.cn,Female,4124 Judy Park,El Paso,TX,88569
577,577,2,Kathy,Phillips,kphillipsg0@free.fr,Female,0125 Schlimgen Point,Norfolk,VA,23514
578,578,6,Ann,Coleman,acolemang1@auda.org.au,Female,4272 Mifflin Drive,Saint Louis,MO,63126
579,579,0,Richard,Rice,rriceg2@ycombinator.com,Male,4 Rieder Center,Sterling,VA,20167
580,580,9,Betty,Rice,briceg3@nih.gov,Female,3163 Milwaukee Park,Duluth,MN,55805
581,581,6,Brenda,Arnold,barnoldg4@creativecommons.org,Female,28430 Rigney Lane,New York City,NY,10110
582,582,8,Marie,Moreno,mmorenog5@taobao.com,Female,15 Glendale Park,Vancouver,WA,98682
583,583,4,Janet,Ramirez,jramirezg6@arizona.edu,Female,134 Di Loreto Trail,Pasadena,CA,91131
584,584,3,Roger,Ruiz,rruizg7@forbes.com,Male,56616 Monument Junction,Hartford,CT,06105
585,585,9,Brenda,Gilbert,bgilbertg8@nifty.com,Female,319 Schmedeman Junction,Scottsdale,AZ,85260
586,586,9,Willie,Perkins,wperkinsg9@histats.com,Male,066 Sunfield Hill,Fort Worth,TX,76198
587,587,9,Ashley,Hamilton,ahamiltonga@japanpost.jp,Female,4 Hoard Park,Fort Pierce,FL,34949
588,588,8,Lisa,Simpson,lsimpsongb@google.ca,Female,454 Union Alley,Atlanta,GA,30380
589,589,6,Juan,Andrews,jandrewsgc@plala.or.jp,Male,7371 Hallows Plaza,Boston,MA,02208
590,590,2,Craig,Carpenter,ccarpentergd@engadget.com,Male,645 South Drive,Seattle,WA,98121
591,591,2,Irene,Robertson,irobertsonge@accuweather.com,Female,53 Ludington Court,Memphis,TN,38104
592,592,4,Sarah,Mason,smasongf@facebook.com,Female,4348 Waywood Park,Indianapolis,IN,46239
593,593,9,Patricia,Lawrence,plawrencegg@auda.org.au,Female,2607 Logan Place,Dayton,OH,45454
594,594,7,Dennis,Peters,dpetersgh@yahoo.co.jp,Male,022 Tennessee Trail,Clearwater,FL,34629
595,595,7,Lillian,Fox,lfoxgi@nps.gov,Female,12405 Nobel Junction,Tucson,AZ,85732
596,596,6,Nicole,Moore,nmooregj@geocities.jp,Female,1360 Farmco Place,San Antonio,TX,78265
597,597,3,Billy,Alvarez,balvarezgk@fc2.com,Male,078 Melody Center,Reading,PA,19610
598,598,7,Charles,Phillips,cphillipsgl@sourceforge.net,Male,02977 Colorado Drive,Baltimore,MD,21281
599,599,5,Jeffrey,Perez,jperezgm@ed.gov,Male,17 Kim Pass,York,PA,17405
600,600,3,Stephanie,Fisher,sfishergn@cornell.edu,Female,76087 Spenser Drive,Scranton,PA,18505
601,601,1,Steve,Gonzalez,sgonzalezgo@last.fm,Male,692 Delaware Circle,Oxnard,CA,93034
602,602,4,Janet,Rodriguez,jrodriguezgp@sun.com,Female,2 Briar Crest Lane,Chula Vista,CA,91913
603,603,9,Sarah,Gomez,sgomezgq@theglobeandmail.com,Female,7229 Surrey Drive,Washington,DC,20319
604,604,1,Carolyn,Ruiz,cruizgr@si.edu,Female,42 Gerald Pass,Decatur,IL,62525
605,605,7,Carol,Crawford,ccrawfordgs@princeton.edu,Female,2 Morningstar Junction,Arlington,TX,76016
606,606,8,Alice,Morrison,amorrisongt@google.com,Female,44234 Merchant Junction,Gainesville,FL,32627
607,607,7,Fred,Cunningham,fcunninghamgu@theatlantic.com,Male,1 Anderson Pass,Naples,FL,33963
608,608,1,Terry,Fernandez,tfernandezgv@t-online.de,Male,1 Anzinger Center,Punta Gorda,FL,33982
609,609,2,Robin,Lawson,rlawsongw@techcrunch.com,Female,499 6th Alley,Las Vegas,NV,89105
610,610,1,Clarence,Garcia,cgarciagx@reddit.com,Male,353 Armistice Avenue,Birmingham,AL,35210
611,611,6,Keith,Coleman,kcolemangy@bluehost.com,Male,14343 Jackson Way,Columbia,SC,29208
612,612,3,Doris,Elliott,delliottgz@cocolog-nifty.com,Female,5552 Summerview Point,Sioux Falls,SD,57105
613,613,9,Kathy,Harris,kharrish0@wisc.edu,Female,97 West Lane,San Francisco,CA,94169
614,614,8,Fred,Grant,fgranth1@bandcamp.com,Male,7076 Forest Dale Crossing,Erie,PA,16565
615,615,7,Kathryn,Moore,kmooreh2@jigsy.com,Female,5 Hollow Ridge Point,Gadsden,AL,35905
616,616,3,Carolyn,Myers,cmyersh3@nba.com,Female,201 Charing Cross Trail,Clearwater,FL,33763
617,617,5,Walter,Castillo,wcastilloh4@nytimes.com,Male,170 Lien Road,Escondido,CA,92030
618,618,9,Ronald,Oliver,roliverh5@mashable.com,Male,945 Eagan Lane,Dayton,OH,45408
619,619,7,Donald,Hanson,dhansonh6@slideshare.net,Male,0671 Clove Junction,Charlotte,NC,28230
620,620,9,Phyllis,Reid,preidh7@jugem.jp,Female,4327 Stuart Alley,Davenport,IA,52809
621,621,9,Sandra,Fowler,sfowlerh8@sciencedirect.com,Female,5 Autumn Leaf Center,Young America,MN,55551
622,622,8,Lori,Hill,lhillh9@imageshack.us,Female,721 Esch Lane,Bradenton,FL,34205
623,623,3,Margaret,Elliott,melliottha@deviantart.com,Female,4 Columbus Plaza,Arlington,VA,22244
624,624,3,Emily,Romero,eromerohb@rakuten.co.jp,Female,76 Weeping Birch Parkway,Scottsdale,AZ,85271
625,625,9,Annie,Pierce,apiercehc@blog.com,Female,72 Fairview Court,Mobile,AL,36689
626,626,0,Timothy,Brooks,tbrookshd@nyu.edu,Male,9 Comanche Hill,Beaverton,OR,97075
627,627,8,Kelly,Stanley,kstanleyhe@nymag.com,Female,14096 Weeping Birch Court,Houston,TX,77223
628,628,0,Brandon,Shaw,bshawhf@umn.edu,Male,18801 Oakridge Crossing,Minneapolis,MN,55441
629,629,2,Catherine,Adams,cadamshg@storify.com,Female,741 Drewry Pass,Columbia,SC,29208
630,630,3,Laura,Sanchez,lsanchezhh@dion.ne.jp,Female,9 Pennsylvania Center,El Paso,TX,79911
631,631,2,Lawrence,Cook,lcookhi@japanpost.jp,Male,54 High Crossing Point,Bethesda,MD,20816
632,632,7,Mary,Warren,mwarrenhj@wunderground.com,Female,3189 Tennyson Crossing,Washington,DC,20508
633,633,4,Jason,Carpenter,jcarpenterhk@bbb.org,Male,91066 Ilene Court,Seattle,WA,98133
634,634,7,Todd,Duncan,tduncanhl@blinklist.com,Male,470 Toban Place,Austin,TX,78789
635,635,3,Antonio,Kennedy,akennedyhm@bizjournals.com,Male,9 Surrey Alley,San Diego,CA,92145
636,636,6,Anthony,Gonzales,agonzaleshn@bloomberg.com,Male,3 Fair Oaks Place,Fort Worth,TX,76198
637,637,9,Antonio,Garrett,agarrettho@skype.com,Male,22 Veith Center,Suffolk,VA,23436
638,638,3,Billy,King,bkinghp@symantec.com,Male,03 Forest Drive,Cincinnati,OH,45233
639,639,4,Stephanie,White,swhitehq@netvibes.com,Female,39529 Lindbergh Place,Fort Lauderdale,FL,33345
640,640,7,Lori,Jones,ljoneshr@prlog.org,Female,8 Lyons Terrace,El Paso,TX,88579
641,641,2,Teresa,Franklin,tfranklinhs@yolasite.com,Female,208 Oakridge Circle,Lawrenceville,GA,30245
642,642,0,Laura,Hart,lhartht@prweb.com,Female,48004 Reinke Parkway,Peoria,IL,61651
643,643,1,Michelle,Jordan,mjordanhu@webeden.co.uk,Female,39175 Basil Avenue,Sacramento,CA,94250
644,644,5,Brandon,Ramos,bramoshv@bizjournals.com,Male,78 Carberry Center,Oklahoma City,OK,73124
645,645,3,Sharon,Lawson,slawsonhw@exblog.jp,Female,5021 Upham Place,Reno,NV,89519
646,646,6,Lori,Wagner,lwagnerhx@ycombinator.com,Female,66720 Springs Road,Sioux City,IA,51110
647,647,1,Katherine,Ramirez,kramirezhy@bigcartel.com,Female,022 Mayer Pass,Des Moines,IA,50393
648,648,3,Philip,Rodriguez,prodriguezhz@geocities.jp,Male,82 Lien Court,Boise,ID,83711
649,649,4,Terry,Jacobs,tjacobsi0@yellowpages.com,Male,484 Darwin Court,Brooklyn,NY,11241
650,650,5,Andrew,Fernandez,afernandezi1@yahoo.co.jp,Male,3 Eggendart Court,White Plains,NY,10633
651,651,5,Evelyn,Rodriguez,erodriguezi2@cafepress.com,Female,436 Vahlen Plaza,Las Vegas,NV,89115
652,652,6,Judy,Sims,jsimsi3@about.com,Female,457 Roxbury Crossing,Toledo,OH,43635
653,653,8,Bruce,Wells,bwellsi4@so-net.ne.jp,Male,324 Schiller Crossing,Bowie,MD,20719
654,654,6,Louis,Wells,lwellsi5@thetimes.co.uk,Male,62 Cody Court,Springfield,MA,01114
655,655,0,Carlos,Gomez,cgomezi6@senate.gov,Male,0716 Lakewood Park,Charlotte,NC,28230
656,656,8,Andrew,Stone,astonei7@miitbeian.gov.cn,Male,5558 Garrison Hill,Kent,WA,98042
657,657,7,Rachel,Sullivan,rsullivani8@jigsy.com,Female,54 Crescent Oaks Lane,Trenton,NJ,08608
658,658,9,Jonathan,Cook,jcooki9@bing.com,Male,5 Westridge Center,Madison,WI,53716
659,659,9,Linda,Murray,lmurrayia@blogspot.com,Female,20 Straubel Plaza,Nashville,TN,37240
660,660,7,Jonathan,Schmidt,jschmidtib@com.com,Male,40940 Eliot Place,Hartford,CT,06120
661,661,4,Tammy,Stevens,tstevensic@devhub.com,Female,588 Monica Point,Macon,GA,31210
662,662,5,Arthur,Garza,agarzaid@ca.gov,Male,374 Kipling Center,New Orleans,LA,70142
663,663,7,Pamela,Hamilton,phamiltonie@123-reg.co.uk,Female,46620 Darwin Lane,Kissimmee,FL,34745
664,664,3,Kathryn,Torres,ktorresif@i2i.jp,Female,334 Anniversary Road,Spartanburg,SC,29319
665,665,5,Walter,Ramos,wramosig@elegantthemes.com,Male,3 Hallows Place,Hattiesburg,MS,39404
666,666,1,Adam,Rivera,ariveraih@quantcast.com,Male,977 Saint Paul Way,Paterson,NJ,07505
667,667,4,Sara,Myers,smyersii@aol.com,Female,84489 Starling Hill,Amarillo,TX,79159
668,668,9,Gregory,Scott,gscottij@disqus.com,Male,860 Sauthoff Center,Miami,FL,33185
669,669,9,Christina,Harris,charrisik@histats.com,Female,555 Pine View Lane,Knoxville,TN,37939
670,670,5,Brian,Boyd,bboydil@artisteer.com,Male,08 Ronald Regan Way,San Antonio,TX,78235
671,671,2,Lawrence,Johnston,ljohnstonim@drupal.org,Male,33370 Cordelia Lane,Los Angeles,CA,90040
672,672,1,Denise,Gardner,dgardnerin@shutterfly.com,Female,04237 Surrey Avenue,Baton Rouge,LA,70820
673,673,8,Jesse,Kim,jkimio@mozilla.org,Male,85 Cascade Crossing,Fullerton,CA,92835
674,674,2,Doris,Bishop,dbishopip@phoca.cz,Female,48613 Barnett Circle,Flint,MI,48555
675,675,4,Diane,Hudson,dhudsoniq@simplemachines.org,Female,65805 Crest Line Terrace,Saint Paul,MN,55188
676,676,7,Carolyn,Hughes,chughesir@economist.com,Female,38874 Sheridan Place,Oceanside,CA,92056
677,677,2,Irene,Burke,iburkeis@flickr.com,Female,668 North Circle,Springfield,IL,62705
678,678,5,Debra,Rogers,drogersit@indiatimes.com,Female,7 Glendale Terrace,Houston,TX,77090
679,679,3,Linda,Wright,lwrightiu@i2i.jp,Female,6 Maryland Alley,Miami,FL,33153
680,680,7,Ronald,Little,rlittleiv@loc.gov,Male,4355 Sauthoff Point,Largo,FL,34643
681,681,4,Dorothy,Ross,drossiw@opera.com,Female,489 Center Way,Bakersfield,CA,93311
682,682,4,Cheryl,Hart,chartix@yellowbook.com,Female,7801 Rieder Point,Miami,FL,33134
683,683,5,Jose,George,jgeorgeiy@mayoclinic.com,Male,164 Eastwood Road,Beaufort,SC,29905
684,684,8,Emily,Daniels,edanielsiz@phoca.cz,Female,14217 Waubesa Point,Virginia Beach,VA,23454
685,685,6,Sara,Mcdonald,smcdonaldj0@washington.edu,Female,521 Main Trail,Minneapolis,MN,55412
686,686,8,Janice,Rogers,jrogersj1@skype.com,Female,25231 Sherman Drive,Stockton,CA,95298
687,687,7,Janet,Fields,jfieldsj2@tinypic.com,Female,19091 Bellgrove Point,Alhambra,CA,91841
688,688,8,Howard,Hudson,hhudsonj3@t.co,Male,5 Anzinger Terrace,Kalamazoo,MI,49006
689,689,2,Donna,Morris,dmorrisj4@stanford.edu,Female,01 Becker Point,San Jose,CA,95108
690,690,8,Antonio,Lewis,alewisj5@ameblo.jp,Male,6376 Melby Circle,Crawfordsville,IN,47937
691,691,9,Susan,Lopez,slopezj6@arizona.edu,Female,4479 Veith Terrace,Round Rock,TX,78682
692,692,8,Robert,Ramirez,rramirezj7@go.com,Male,1270 Jenifer Crossing,New York City,NY,10060
693,693,6,Diane,Ray,drayj8@wired.com,Female,672 Anniversary Pass,Buffalo,NY,14225
694,694,7,Juan,Turner,jturnerj9@utexas.edu,Male,01 Ilene Hill,Albany,NY,12242
695,695,8,Christina,Warren,cwarrenja@ocn.ne.jp,Female,25482 Portage Parkway,Chicago,IL,60604
696,696,7,Alan,Warren,awarrenjb@wired.com,Male,5498 Sutherland Park,Sioux Falls,SD,57110
697,697,0,Robert,Gordon,rgordonjc@weather.com,Male,6 Kings Crossing,Chicago,IL,60636
698,698,5,Philip,Allen,pallenjd@prlog.org,Male,084 South Road,Boise,ID,83711
699,699,7,Kathy,Burns,kburnsje@facebook.com,Female,0377 Garrison Plaza,El Paso,TX,79934
700,700,0,Alan,Garrett,agarrettjf@typepad.com,Male,4 Tennessee Circle,San Diego,CA,92165
701,701,1,Jesse,Weaver,jweaverjg@accuweather.com,Male,0084 Monument Road,Albany,NY,12247
702,702,4,Alan,Hunter,ahunterjh@godaddy.com,Male,10 American Ash Plaza,Newport News,VA,23612
703,703,9,Ryan,Flores,rfloresji@pbs.org,Male,5 Norway Maple Place,Worcester,MA,01610
704,704,8,Helen,Lynch,hlynchjj@army.mil,Female,51368 Derek Alley,Silver Spring,MD,20918
705,705,9,Bobby,Garza,bgarzajk@rediff.com,Male,28155 5th Trail,Bloomington,IN,47405
706,706,9,Julie,Robertson,jrobertsonjl@loc.gov,Female,8 Roth Alley,El Paso,TX,79905
707,707,9,Nicole,Walker,nwalkerjm@apache.org,Female,17801 Graceland Avenue,Saint Paul,MN,55146
708,708,8,Cheryl,Reid,creidjn@istockphoto.com,Female,94727 Marquette Circle,Punta Gorda,FL,33982
709,709,8,Cheryl,Holmes,cholmesjo@nih.gov,Female,19562 Springview Hill,Saint Paul,MN,55146
710,710,4,Louise,Scott,lscottjp@mozilla.com,Female,80078 Clarendon Center,Kansas City,MO,64153
711,711,1,Kevin,Snyder,ksnyderjq@si.edu,Male,832 Jenna Circle,North Las Vegas,NV,89087
712,712,2,Deborah,Williamson,dwilliamsonjr@soup.io,Female,934 Kingsford Street,Cleveland,OH,44125
713,713,7,Tammy,Armstrong,tarmstrongjs@epa.gov,Female,90336 North Center,Las Vegas,NV,89160
714,714,4,Joshua,Cook,jcookjt@is.gd,Male,870 Monument Pass,Sioux Falls,SD,57193
715,715,4,Nicole,Mendoza,nmendozaju@springer.com,Female,32 Park Meadow Hill,Glendale,AZ,85305
716,716,6,Robert,Moore,rmoorejv@e-recht24.de,Male,76641 Farragut Drive,Honolulu,HI,96845
717,717,6,Edward,Baker,ebakerjw@icq.com,Male,9344 Tomscot Trail,Denver,CO,80279
718,718,0,Melissa,Ferguson,mfergusonjx@mozilla.com,Female,508 Luster Place,Atlanta,GA,30343
719,719,9,Nicole,Henry,nhenryjy@alexa.com,Female,0140 Alpine Center,Whittier,CA,90605
720,720,3,Shawn,Morrison,smorrisonjz@loc.gov,Male,17125 Columbus Street,Boston,MA,02298
721,721,2,Sean,Woods,swoodsk0@dmoz.org,Male,1175 Arrowood Point,San Jose,CA,95108
722,722,0,Kelly,Robertson,krobertsonk1@apache.org,Female,05 Comanche Alley,Akron,OH,44393
723,723,4,Janice,Stewart,jstewartk2@upenn.edu,Female,1 Michigan Center,North Las Vegas,NV,89036
724,724,5,Jennifer,Stewart,jstewartk3@army.mil,Female,1671 Tony Park,Prescott,AZ,86305
725,725,3,Evelyn,Kim,ekimk4@oakley.com,Female,1627 Lunder Street,Washington,DC,20210
726,726,2,Douglas,Snyder,dsnyderk5@xinhuanet.com,Male,0066 Harbort Plaza,Knoxville,TN,37924
727,727,4,Richard,Cox,rcoxk6@umn.edu,Male,37857 Bluejay Terrace,Kansas City,MO,64190
728,728,1,Gerald,King,gkingk7@mysql.com,Male,0220 Troy Trail,Springfield,MA,01105
729,729,3,Joyce,James,jjamesk8@cbslocal.com,Female,03668 Russell Way,Phoenix,AZ,85053
730,730,1,Janice,Collins,jcollinsk9@soup.io,Female,692 Tomscot Lane,Brockton,MA,02405
731,731,6,Craig,Martin,cmartinka@rediff.com,Male,5 Mifflin Way,Louisville,KY,40256
732,732,8,Harry,Ruiz,hruizkb@blogger.com,Male,50 Union Pass,Long Beach,CA,90810
733,733,0,Dennis,Russell,drussellkc@symantec.com,Male,03 Knutson Drive,San Jose,CA,95150
734,734,6,Edward,Dixon,edixonkd@disqus.com,Male,817 Magdeline Place,Saint Petersburg,FL,33715
735,735,8,Justin,Gilbert,jgilbertke@tinypic.com,Male,723 Vidon Park,Glendale,AZ,85311
736,736,2,Ashley,Perry,aperrykf@quantcast.com,Female,708 Tony Lane,Fort Worth,TX,76192
737,737,2,Jimmy,Richards,jrichardskg@eventbrite.com,Male,604 Meadow Ridge Crossing,Bradenton,FL,34282
738,738,6,Alan,Daniels,adanielskh@wsj.com,Male,557 Dorton Circle,Portland,OR,97232
739,739,8,Rebecca,Nelson,rnelsonki@wix.com,Female,7 Scott Hill,Spartanburg,SC,29305
740,740,8,Andrew,Edwards,aedwardskj@blogtalkradio.com,Male,35663 Hudson Drive,San Antonio,TX,78260
741,741,1,Jonathan,Robertson,jrobertsonkk@github.io,Male,790 Bartelt Center,Albuquerque,NM,87105
742,742,9,Jerry,Hughes,jhugheskl@illinois.edu,Male,31 Nobel Alley,Orlando,FL,32808
743,743,9,Sandra,Larson,slarsonkm@scientificamerican.com,Female,67 Weeping Birch Hill,Austin,TX,78769
744,744,8,Frances,Gardner,fgardnerkn@homestead.com,Female,833 Merry Park,Richmond,VA,23203
745,745,4,Annie,Meyer,ameyerko@sphinn.com,Female,84 Bayside Crossing,Tampa,FL,33620
746,746,9,Andrea,Stevens,astevenskp@chron.com,Female,03 Arizona Drive,Sioux Falls,SD,57198
747,747,1,Juan,Washington,jwashingtonkq@moonfruit.com,Male,48744 Packers Junction,Fairfax,VA,22036
748,748,3,Adam,Smith,asmithkr@cornell.edu,Male,12 Hayes Road,Manchester,NH,03105
749,749,0,Tina,Chapman,tchapmanks@ihg.com,Female,2628 Heffernan Plaza,Pittsburgh,PA,15266
750,750,7,Jean,Fuller,jfullerkt@netlog.com,Female,7 Crescent Oaks Alley,Albuquerque,NM,87115
751,751,8,Sean,Adams,sadamsku@un.org,Male,92749 Westridge Hill,Sacramento,CA,95852
752,752,7,Wanda,Ellis,welliskv@netlog.com,Female,095 Lawn Plaza,Mesquite,TX,75185
753,753,0,Julie,Reyes,jreyeskw@about.me,Female,63258 Hooker Drive,Oxnard,CA,93034
754,754,5,Thomas,Andrews,tandrewskx@nasa.gov,Male,57 Southridge Way,New York City,NY,10184
755,755,0,Martha,Lewis,mlewisky@google.cn,Female,1 Clyde Gallagher Park,Los Angeles,CA,90005
756,756,5,Robert,Young,ryoungkz@dailymotion.com,Male,90189 Ryan Road,Winston Salem,NC,27105
757,757,5,Emily,Hamilton,ehamiltonl0@domainmarket.com,Female,60 Spaight Crossing,El Paso,TX,88569
758,758,8,Kimberly,Jordan,kjordanl1@ebay.co.uk,Female,864 Burrows Court,Fort Lauderdale,FL,33330
759,759,1,Willie,Perkins,wperkinsl2@latimes.com,Male,5 Manufacturers Pass,Naples,FL,34114
760,760,4,Henry,Morris,hmorrisl3@archive.org,Male,8251 Pearson Place,New York City,NY,10184
761,761,8,David,Johnston,djohnstonl4@dion.ne.jp,Male,17453 Messerschmidt Park,Dallas,TX,75231
762,762,2,Paul,Mitchell,pmitchelll5@cdbaby.com,Male,68 Prairie Rose Avenue,Las Vegas,NV,89150
763,763,0,Jonathan,Roberts,jrobertsl6@scientificamerican.com,Male,37992 Thackeray Junction,San Diego,CA,92176
764,764,5,Craig,Greene,cgreenel7@goodreads.com,Male,30503 Sherman Hill,Alexandria,VA,22309
765,765,4,Douglas,George,dgeorgel8@nsw.gov.au,Male,0387 Hallows Terrace,El Paso,TX,79940
766,766,7,Billy,Shaw,bshawl9@salon.com,Male,1851 Cardinal Hill,Sioux City,IA,51105
767,767,5,Barbara,Morgan,bmorganla@springer.com,Female,99097 Moulton Trail,Cincinnati,OH,45296
768,768,1,Shawn,Berry,sberrylb@squarespace.com,Male,305 Forest Dale Place,Kansas City,MO,64153
769,769,1,Catherine,Clark,cclarklc@de.vu,Female,23873 Oakridge Street,Arlington,TX,76016
770,770,9,Charles,Rice,criceld@com.com,Male,77209 Memorial Street,Vienna,VA,22184
771,771,7,Daniel,Nichols,dnicholsle@unicef.org,Male,327 Maple Point,Colorado Springs,CO,80910
772,772,1,Marilyn,Peterson,mpetersonlf@harvard.edu,Female,07624 Ludington Lane,Irving,TX,75037
773,773,3,Jason,Lawrence,jlawrencelg@wordpress.com,Male,3 Russell Hill,Miami,FL,33124
774,774,2,Bonnie,Sullivan,bsullivanlh@is.gd,Female,32 Pond Trail,Charlotte,NC,28225
775,775,6,Clarence,Sullivan,csullivanli@fema.gov,Male,55 Hintze Terrace,Jefferson City,MO,65105
776,776,4,Dennis,Sanchez,dsanchezlj@dagondesign.com,Male,5 Grover Lane,Terre Haute,IN,47805
777,777,6,Jacqueline,Dunn,jdunnlk@youtube.com,Female,5457 Ludington Pass,Brooklyn,NY,11215
778,778,5,Henry,Ortiz,hortizll@hugedomains.com,Male,62220 Elgar Junction,Philadelphia,PA,19115
779,779,1,Antonio,Wallace,awallacelm@github.com,Male,53 Buhler Lane,Warren,MI,48092
780,780,4,Helen,Spencer,hspencerln@netlog.com,Female,0287 Tomscot Pass,North Hollywood,CA,91616
781,781,3,Julia,Olson,jolsonlo@amazon.com,Female,4478 Independence Court,Tulsa,OK,74126
782,782,1,Helen,Stanley,hstanleylp@cafepress.com,Female,37 Green Ridge Way,Colorado Springs,CO,80951
783,783,0,Jason,Freeman,jfreemanlq@chron.com,Male,2 Roxbury Junction,Young America,MN,55551
784,784,2,Tammy,Walker,twalkerlr@google.ru,Female,49 Anderson Lane,Phoenix,AZ,85035
785,785,1,Ann,Williamson,awilliamsonls@free.fr,Female,417 Elka Avenue,Tuscaloosa,AL,35487
786,786,3,Bobby,Myers,bmyerslt@myspace.com,Male,58 Waxwing Center,Wilkes Barre,PA,18763
787,787,8,Thomas,Fowler,tfowlerlu@shareasale.com,Male,1201 Ilene Place,Riverside,CA,92513
788,788,3,Margaret,Barnes,mbarneslv@yahoo.co.jp,Female,0 John Wall Street,Springfield,OH,45505
789,789,7,Stephanie,Morris,smorrislw@cnet.com,Female,88309 6th Road,Orlando,FL,32885
790,790,3,Lisa,Walker,lwalkerlx@cmu.edu,Female,63283 Colorado Center,Orlando,FL,32830
791,791,2,Annie,Watson,awatsonly@walmart.com,Female,02 Cambridge Court,Brooklyn,NY,11210
792,792,3,Adam,Berry,aberrylz@jimdo.com,Male,4674 Express Parkway,Dallas,TX,75205
793,793,7,Evelyn,George,egeorgem0@topsy.com,Female,88 Bluejay Pass,Tulsa,OK,74170
794,794,5,James,Reid,jreidm1@list-manage.com,Male,13371 Arizona Park,Atlanta,GA,31132
795,795,5,Jerry,Diaz,jdiazm2@desdev.cn,Male,64 Vahlen Hill,North Hollywood,CA,91616
796,796,1,Matthew,Cox,mcoxm3@cyberchimps.com,Male,1 Aberg Center,Youngstown,OH,44505
797,797,3,Joan,Crawford,jcrawfordm4@pbs.org,Female,2 Maryland Avenue,Washington,DC,56944
798,798,4,Robin,Weaver,rweaverm5@myspace.com,Female,69 Susan Circle,Kansas City,MO,64114
799,799,8,Joe,Reynolds,jreynoldsm6@statcounter.com,Male,429 Elgar Plaza,Elmira,NY,14905
800,800,5,Linda,Ferguson,lfergusonm7@ehow.com,Female,921 Glendale Avenue,Arlington,VA,22217
801,801,1,Rose,Harvey,rharveym8@reddit.com,Female,1 Dryden Pass,Louisville,KY,40220
802,802,7,Nicholas,Lynch,nlynchm9@github.com,Male,65557 Blackbird Avenue,Los Angeles,CA,90065
803,803,2,Carol,Parker,cparkerma@mlb.com,Female,5392 Parkside Crossing,Lakeland,FL,33811
804,804,0,Terry,Fox,tfoxmb@engadget.com,Male,159 Main Terrace,Young America,MN,55564
805,805,2,Debra,Castillo,dcastillomc@disqus.com,Female,91 Bowman Road,Washington,DC,20022
806,806,4,Jennifer,Davis,jdavismd@phoca.cz,Female,0502 Bellgrove Place,Panama City,FL,32412
807,807,6,Cynthia,Alexander,calexanderme@google.fr,Female,194 Donald Hill,Erie,PA,16510
808,808,2,Howard,Riley,hrileymf@vinaora.com,Male,3205 Parkside Junction,Sacramento,CA,95818
809,809,1,Joan,Robertson,jrobertsonmg@scientificamerican.com,Female,7 Utah Way,Frederick,MD,21705
810,810,8,Phyllis,Armstrong,parmstrongmh@bandcamp.com,Female,7362 Ridgeway Place,Naples,FL,34108
811,811,0,Sean,Parker,sparkermi@pbs.org,Male,9 Bay Trail,Amarillo,TX,79116
812,812,7,Craig,Hughes,chughesmj@google.co.jp,Male,3 Mariners Cove Drive,Charlotte,NC,28299
813,813,5,Louise,Hart,lhartmk@so-net.ne.jp,Female,5 Hudson Court,Van Nuys,CA,91406
814,814,7,Sarah,Graham,sgrahamml@miitbeian.gov.cn,Female,17868 Lawn Pass,Memphis,TN,38181
815,815,1,Sara,Mccoy,smccoymm@about.me,Female,742 Claremont Plaza,Reno,NV,89510
816,816,9,Jeremy,Reynolds,jreynoldsmn@slashdot.org,Male,516 Lighthouse Bay Circle,Las Vegas,NV,89140
817,817,0,Janet,Murphy,jmurphymo@friendfeed.com,Female,2 Texas Trail,Houston,TX,77010
818,818,0,Deborah,Rice,dricemp@livejournal.com,Female,2 Fuller Plaza,Alexandria,VA,22333
819,819,0,Kimberly,Ramos,kramosmq@arstechnica.com,Female,5335 Russell Park,Pensacola,FL,32595
820,820,7,Sharon,Mendoza,smendozamr@themeforest.net,Female,3989 Luster Drive,Buffalo,NY,14220
821,821,2,Ernest,Young,eyoungms@infoseek.co.jp,Male,45 7th Place,Tuscaloosa,AL,35405
822,822,0,Katherine,Cox,kcoxmt@github.com,Female,69 Cardinal Way,Akron,OH,44321
823,823,5,Jessica,Mills,jmillsmu@liveinternet.ru,Female,82601 Northport Street,New York City,NY,10024
824,824,2,Frances,Cunningham,fcunninghammv@fda.gov,Female,89929 Blackbird Trail,Washington,DC,20016
825,825,4,Willie,Carpenter,wcarpentermw@icio.us,Male,30 Kensington Parkway,Austin,TX,78737
826,826,4,Rose,Bailey,rbaileymx@un.org,Female,7870 Upham Road,Miami,FL,33196
827,827,4,Joseph,Brown,jbrownmy@tinyurl.com,Male,1 Jay Circle,Birmingham,AL,35285
828,828,8,Sara,Howard,showardmz@ed.gov,Female,8 Mallard Hill,Lafayette,LA,70593
829,829,1,Ralph,Frazier,rfraziern0@opensource.org,Male,25 Goodland Crossing,Waco,TX,76796
830,830,8,Ruth,Dean,rdeann1@surveymonkey.com,Female,37723 Moulton Terrace,San Jose,CA,95138
831,831,4,Laura,Jones,ljonesn2@engadget.com,Female,5 Sutteridge Parkway,New Orleans,LA,70174
832,832,7,Joan,Bennett,jbennettn3@blogspot.com,Female,5084 Main Place,Austin,TX,78769
833,833,2,Katherine,Spencer,kspencern4@bluehost.com,Female,95 Bartelt Avenue,Newport Beach,CA,92662
834,834,8,Arthur,Davis,adavisn5@icio.us,Male,93 Evergreen Trail,Milwaukee,WI,53225
835,835,6,Joan,Spencer,jspencern6@alibaba.com,Female,0962 Di Loreto Trail,Washington,DC,20430
836,836,2,Anna,Holmes,aholmesn7@wisc.edu,Female,8216 Clarendon Court,Southfield,MI,48076
837,837,8,Diane,Fuller,dfullern8@gizmodo.com,Female,669 3rd Park,Honolulu,HI,96825
838,838,3,Laura,Evans,levansn9@phoca.cz,Female,373 Superior Terrace,Philadelphia,PA,19178
839,839,3,Joan,Kelley,jkelleyna@csmonitor.com,Female,4112 Elka Point,Dallas,TX,75246
840,840,4,Jeremy,Carr,jcarrnb@businessinsider.com,Male,5 Village Parkway,Colorado Springs,CO,80995
841,841,6,Judith,Elliott,jelliottnc@soup.io,Female,6 Springs Avenue,Philadelphia,PA,19146
842,842,9,Brian,Burns,bburnsnd@marketwatch.com,Male,548 Schlimgen Plaza,Washington,DC,20260
843,843,5,Russell,Willis,rwillisne@mail.ru,Male,114 Clemons Street,Las Vegas,NV,89125
844,844,2,Laura,Mills,lmillsnf@umn.edu,Female,43433 Delladonna Way,Redwood City,CA,94064
845,845,9,Phillip,Nichols,pnicholsng@t.co,Male,22880 Paget Plaza,Sacramento,CA,94257
846,846,4,Shawn,Cunningham,scunninghamnh@dyndns.org,Male,33 Wayridge Alley,Durham,NC,27710
847,847,6,Jean,Anderson,jandersonni@sfgate.com,Female,8553 Vidon Crossing,New York City,NY,10090
848,848,0,Antonio,Alvarez,aalvareznj@oakley.com,Male,8057 Mayer Hill,Omaha,NE,68144
849,849,8,Howard,Coleman,hcolemannk@state.gov,Male,1 Stoughton Place,El Paso,TX,88525
850,850,6,Raymond,Berry,rberrynl@amazonaws.com,Male,84540 Artisan Road,Richmond,VA,23277
851,851,9,David,Reid,dreidnm@e-recht24.de,Male,93878 Mallory Hill,El Paso,TX,79968
852,852,3,Phyllis,Hart,phartnn@businessinsider.com,Female,76 Grover Circle,Bronx,NY,10474
853,853,1,Edward,Mason,emasonno@zdnet.com,Male,61 Pankratz Trail,Vienna,VA,22184
854,854,5,Jane,Jordan,jjordannp@people.com.cn,Female,4 Troy Alley,Boston,MA,02109
855,855,1,Pamela,Freeman,pfreemannq@hhs.gov,Female,36 Algoma Road,Washington,DC,20310
856,856,1,Roy,Johnson,rjohnsonnr@list-manage.com,Male,33260 Forest Run Plaza,Boston,MA,02298
857,857,8,Scott,Oliver,soliverns@live.com,Male,2 Maryland Avenue,Tampa,FL,33661
858,858,2,Philip,Ellis,pellisnt@fotki.com,Male,7 Miller Circle,Green Bay,WI,54313
859,859,4,Margaret,Moore,mmoorenu@psu.edu,Female,80 Glendale Center,Gaithersburg,MD,20883
860,860,3,John,Patterson,jpattersonnv@comsenz.com,Male,5302 Russell Terrace,Albuquerque,NM,87121
861,861,7,George,Roberts,grobertsnw@harvard.edu,Male,4 Nancy Center,Hialeah,FL,33018
862,862,9,Brian,Daniels,bdanielsnx@geocities.com,Male,0 North Point,Washington,DC,20508
863,863,8,Adam,Rice,ariceny@ibm.com,Male,804 Aberg Plaza,Montgomery,AL,36125
864,864,5,Julia,Ryan,jryannz@ox.ac.uk,Female,81 Browning Avenue,Montgomery,AL,36109
865,865,4,Terry,Dixon,tdixono0@51.la,Male,3 Luster Terrace,Scottsdale,AZ,85255
866,866,6,Antonio,Johnston,ajohnstono1@fastcompany.com,Male,0 Magdeline Drive,El Paso,TX,79911
867,867,3,Bruce,Burns,bburnso2@cmu.edu,Male,58 Superior Circle,Baltimore,MD,21229
868,868,2,Jose,Burton,jburtono3@meetup.com,Male,014 Crownhardt Road,Shreveport,LA,71166
869,869,9,Clarence,Rodriguez,crodriguezo4@hud.gov,Male,26642 Rutledge Park,San Jose,CA,95173
870,870,4,Michael,Clark,mclarko5@ed.gov,Male,13 Monument Trail,Phoenix,AZ,85015
871,871,8,Marilyn,Duncan,mduncano6@canalblog.com,Female,97076 Pepper Wood Point,Spartanburg,SC,29305
872,872,0,Jimmy,Robinson,jrobinsono7@comcast.net,Male,91 Oak Drive,Bradenton,FL,34282
873,873,2,Thomas,Sanchez,tsanchezo8@kickstarter.com,Male,68982 Birchwood Court,Denton,TX,76210
874,874,4,Robert,Vasquez,rvasquezo9@smugmug.com,Male,80 Milwaukee Junction,Miami,FL,33190
875,875,2,Betty,Lewis,blewisoa@privacy.gov.au,Female,3 Algoma Plaza,Missoula,MT,59806
876,876,0,Martha,Kennedy,mkennedyob@unblog.fr,Female,111 Farragut Terrace,Petaluma,CA,94975
877,877,4,Terry,Moreno,tmorenooc@youtube.com,Male,07923 Jenifer Court,Minneapolis,MN,55423
878,878,2,Gregory,Sanders,gsandersod@artisteer.com,Male,00009 Hovde Hill,Spring,TX,77388
879,879,4,Ruth,Wagner,rwagneroe@dedecms.com,Female,97 Elgar Park,Peoria,IL,61651
880,880,7,Gloria,Medina,gmedinaof@weibo.com,Female,5 Oakridge Trail,Augusta,GA,30919
881,881,2,Gary,Peters,gpetersog@ftc.gov,Male,322 Warner Point,Houston,TX,77281
882,882,8,Eugene,Medina,emedinaoh@goo.ne.jp,Male,36863 Mitchell Terrace,Wilkes Barre,PA,18768
883,883,9,Fred,Hart,fhartoi@zdnet.com,Male,267 Hudson Terrace,Boise,ID,83705
884,884,9,Todd,Hughes,thughesoj@umich.edu,Male,18 Thompson Drive,Kansas City,MO,64109
885,885,1,Randy,Hansen,rhansenok@etsy.com,Male,04 Columbus Park,Saint Louis,MO,63167
886,886,2,Christine,Wallace,cwallaceol@cnn.com,Female,59742 Spaight Alley,Kansas City,MO,64130
887,887,0,Ashley,Nguyen,anguyenom@squarespace.com,Female,459 Green Ridge Alley,Toledo,OH,43605
888,888,8,Frances,Porter,fporteron@rambler.ru,Female,348 Chinook Road,Arvada,CO,80005
889,889,0,Paula,Ortiz,portizoo@rambler.ru,Female,7034 Lighthouse Bay Lane,Grand Rapids,MI,49505
890,890,3,Henry,Robinson,hrobinsonop@globo.com,Male,56 Tony Plaza,Seattle,WA,98195
891,891,1,Christina,Carter,ccarteroq@ucoz.ru,Female,34429 Pine View Pass,Cleveland,OH,44191
892,892,0,Julia,Ortiz,jortizor@tiny.cc,Female,59900 Hallows Court,Anderson,SC,29625
893,893,3,Jack,Clark,jclarkos@springer.com,Male,57 Upham Avenue,Jamaica,NY,11436
894,894,7,Edward,Martinez,emartinezot@nasa.gov,Male,74724 Hallows Parkway,Fort Lauderdale,FL,33345
895,895,8,Gregory,Woods,gwoodsou@wordpress.com,Male,58 Petterle Hill,New York City,NY,10039
896,896,8,Craig,Collins,ccollinsov@yellowpages.com,Male,0 8th Way,Odessa,TX,79769
897,897,8,Jessica,Miller,jmillerow@1und1.de,Female,1007 Jenifer Circle,Waterbury,CT,06721
898,898,0,Michelle,Miller,mmillerox@samsung.com,Female,6 Grasskamp Place,Peoria,IL,61651
899,899,5,Jacqueline,Ward,jwardoy@about.com,Female,05382 International Road,Clearwater,FL,33763
900,900,0,Michelle,Watson,mwatsonoz@multiply.com,Female,3685 Melvin Lane,York,PA,17405
901,901,7,Virginia,Russell,vrussellp0@xing.com,Female,9395 Sugar Way,Youngstown,OH,44505
902,902,7,Joan,Bradley,jbradleyp1@nymag.com,Female,36 Novick Street,Fort Lauderdale,FL,33330
903,903,1,Anna,Fernandez,afernandezp2@forbes.com,Female,9237 Bluestem Lane,Los Angeles,CA,90005
904,904,3,Susan,Cook,scookp3@t-online.de,Female,386 Autumn Leaf Center,Tacoma,WA,98447
905,905,0,Pamela,Gordon,pgordonp4@a8.net,Female,4124 Doe Crossing Parkway,Billings,MT,59112
906,906,4,Steve,Parker,sparkerp5@oakley.com,Male,40227 Columbus Place,Dulles,VA,20189
907,907,3,Arthur,Anderson,aandersonp6@tumblr.com,Male,6780 Kennedy Court,Madison,WI,53779
908,908,8,Jean,Kennedy,jkennedyp7@usnews.com,Female,4 Muir Park,Bethesda,MD,20892
909,909,3,Carl,Gutierrez,cgutierrezp8@123-reg.co.uk,Male,48750 Mifflin Lane,El Paso,TX,79968
910,910,1,Jacqueline,Campbell,jcampbellp9@cpanel.net,Female,33 West Center,Erie,PA,16510
911,911,1,Thomas,Martinez,tmartinezpa@samsung.com,Male,01331 Haas Street,Santa Fe,NM,87592
912,912,6,Jimmy,Lopez,jlopezpb@imgur.com,Male,63168 Gale Place,Buffalo,NY,14269
913,913,3,Howard,Peterson,hpetersonpc@php.net,Male,0268 Center Plaza,Davenport,IA,52809
914,914,8,Helen,Lee,hleepd@icq.com,Female,21 Rigney Road,Portland,OR,97271
915,915,7,Bonnie,Nguyen,bnguyenpe@ucla.edu,Female,6 Wayridge Street,Riverside,CA,92519
916,916,1,Shawn,Gomez,sgomezpf@plala.or.jp,Male,73950 Katie Street,Rochester,MN,55905
917,917,4,Randy,Chavez,rchavezpg@soup.io,Male,6562 Goodland Point,Sacramento,CA,95828
918,918,4,Peter,White,pwhiteph@privacy.gov.au,Male,21 Linden Parkway,Alexandria,LA,71307
919,919,9,Lois,Carr,lcarrpi@aboutads.info,Female,940 Elgar Street,Des Moines,IA,50362
920,920,2,Susan,Ferguson,sfergusonpj@usnews.com,Female,2921 Algoma Circle,El Paso,TX,79934
921,921,4,Annie,Day,adaypk@blogs.com,Female,20040 Graedel Alley,Raleigh,NC,27658
922,922,0,Donna,Burton,dburtonpl@nyu.edu,Female,8905 Hansons Avenue,Kansas City,MO,64136
923,923,9,Anna,Mccoy,amccoypm@shop-pro.jp,Female,743 South Plaza,Minneapolis,MN,55470
924,924,3,Shawn,Ruiz,sruizpn@marketwatch.com,Male,5 Kropf Road,Pasadena,CA,91125
925,925,8,Ruby,Butler,rbutlerpo@goo.gl,Female,72923 Knutson Avenue,Dayton,OH,45403
926,926,0,Timothy,Jenkins,tjenkinspp@state.gov,Male,7475 Mitchell Hill,Peoria,IL,61614
927,927,6,Rachel,Arnold,rarnoldpq@ehow.com,Female,4 Ronald Regan Hill,Honolulu,HI,96850
928,928,5,Steven,Nichols,snicholspr@cbc.ca,Male,2 Darwin Park,Santa Barbara,CA,93111
929,929,8,Amy,Fisher,afisherps@aol.com,Female,42100 Crownhardt Plaza,Birmingham,AL,35254
930,930,8,Craig,Dean,cdeanpt@fc2.com,Male,6 Clyde Gallagher Court,Bellevue,WA,98008
931,931,8,Emily,Mason,emasonpu@ed.gov,Female,95 Mendota Place,Portland,ME,04109
932,932,2,Dorothy,Ryan,dryanpv@gov.uk,Female,8 Mesta Drive,Brooklyn,NY,11254
933,933,6,Deborah,Mason,dmasonpw@gizmodo.com,Female,802 Vidon Place,Tucson,AZ,85743
934,934,8,Michael,Wallace,mwallacepx@aboutads.info,Male,8 Dahle Plaza,Naperville,IL,60567
935,935,9,Cheryl,Ray,craypy@godaddy.com,Female,2537 Green Ridge Trail,Saint Louis,MO,63180
936,936,8,Adam,Howell,ahowellpz@nytimes.com,Male,744 Butterfield Trail,Scranton,PA,18505
937,937,9,Linda,Stevens,lstevensq0@aboutads.info,Female,78 Paget Junction,New York City,NY,10280
938,938,2,Wayne,Russell,wrussellq1@princeton.edu,Male,8 Glendale Park,Oakland,CA,94622
939,939,3,Julia,Lee,jleeq2@auda.org.au,Female,8 Bay Court,Hampton,VA,23663
940,940,9,Evelyn,Daniels,edanielsq3@microsoft.com,Female,5 Hermina Circle,Cleveland,OH,44185
941,941,3,Lois,Oliver,loliverq4@jigsy.com,Female,8600 Morrow Point,Richmond,VA,23225
942,942,1,Terry,Powell,tpowellq5@stumbleupon.com,Male,48 Johnson Alley,Jamaica,NY,11480
943,943,7,Victor,Bradley,vbradleyq6@amazonaws.com,Male,02 Pond Place,North Hollywood,CA,91616
944,944,7,Ernest,Parker,eparkerq7@google.co.jp,Male,7 Spaight Drive,Arvada,CO,80005
945,945,8,Earl,Fisher,efisherq8@alexa.com,Male,430 5th Plaza,Spring Hill,FL,34611
946,946,2,Lois,Gardner,lgardnerq9@ebay.com,Female,2508 Monterey Park,Dearborn,MI,48126
947,947,1,Teresa,Ramos,tramosqa@prlog.org,Female,23735 Leroy Street,Sarasota,FL,34238
948,948,0,Carol,Warren,cwarrenqb@businessweek.com,Female,6 Doe Crossing Place,Detroit,MI,48258
949,949,9,Larry,Owens,lowensqc@etsy.com,Male,7287 Fieldstone Park,Jacksonville,FL,32230
950,950,2,Katherine,Wagner,kwagnerqd@wired.com,Female,8 Laurel Lane,Albuquerque,NM,87115
951,951,4,Harold,Armstrong,harmstrongqe@xinhuanet.com,Male,7657 Nova Center,Newport Beach,CA,92662
952,952,3,Russell,Howard,rhowardqf@facebook.com,Male,6463 Monterey Street,Harrisburg,PA,17105
953,953,1,Lillian,Sanchez,lsanchezqg@noaa.gov,Female,9797 Lindbergh Street,Harrisburg,PA,17121
954,954,7,Daniel,Alexander,dalexanderqh@japanpost.jp,Male,42114 Rieder Circle,El Paso,TX,88569
955,955,4,Louis,Moreno,lmorenoqi@artisteer.com,Male,7141 Melby Terrace,Akron,OH,44393
956,956,0,Brenda,George,bgeorgeqj@google.ca,Female,25726 Melody Pass,Oklahoma City,OK,73173
957,957,4,Craig,Willis,cwillisqk@europa.eu,Male,31 Hoffman Place,Battle Creek,MI,49018
958,958,4,Louis,Carter,lcarterql@123-reg.co.uk,Male,062 Anderson Parkway,Portland,OR,97240
959,959,9,Ruth,Armstrong,rarmstrongqm@timesonline.co.uk,Female,411 Doe Crossing Trail,Denver,CO,80241
960,960,7,Patrick,Reid,preidqn@multiply.com,Male,87948 Grayhawk Hill,Birmingham,AL,35244
961,961,8,Maria,Mccoy,mmccoyqo@theguardian.com,Female,1 Ohio Road,Austin,TX,78721
962,962,9,Jack,Smith,jsmithqp@tmall.com,Male,78559 Hoffman Drive,Indianapolis,IN,46207
963,963,8,Clarence,Lawson,clawsonqq@toplist.cz,Male,13 International Crossing,Baton Rouge,LA,70826
964,964,7,Jeremy,Alvarez,jalvarezqr@usatoday.com,Male,55 Thackeray Hill,Denver,CO,80270
965,965,1,Earl,Moreno,emorenoqs@hubpages.com,Male,19 Namekagon Circle,Birmingham,AL,35231
966,966,4,Paul,Montgomery,pmontgomeryqt@about.com,Male,395 Sutherland Parkway,Sioux Falls,SD,57188
967,967,7,Mildred,Wallace,mwallacequ@ebay.co.uk,Female,73049 Comanche Center,Shreveport,LA,71105
968,968,2,Scott,Scott,sscottqv@hibu.com,Male,53834 Merry Drive,Las Vegas,NV,89130
969,969,0,Ruby,Webb,rwebbqw@upenn.edu,Female,9373 Shasta Trail,Ann Arbor,MI,48107
970,970,5,Lillian,Brooks,lbrooksqx@nps.gov,Female,96446 Maywood Lane,Lehigh Acres,FL,33972
971,971,7,Jesse,Matthews,jmatthewsqy@alibaba.com,Male,2656 Hauk Circle,Charlotte,NC,28215
972,972,8,Tammy,Pierce,tpierceqz@blinklist.com,Female,4 Clemons Avenue,Seattle,WA,98133
973,973,0,Jose,Harvey,jharveyr0@zimbio.com,Male,6 Summerview Center,Louisville,KY,40256
974,974,4,Jessica,Garza,jgarzar1@creativecommons.org,Female,4177 7th Plaza,Portsmouth,NH,03804
975,975,7,Eric,Freeman,efreemanr2@rediff.com,Male,28923 Leroy Trail,Hamilton,OH,45020
976,976,6,Louise,Gray,lgrayr3@umn.edu,Female,8 Delaware Street,Nashville,TN,37245
977,977,4,Jessica,Pierce,jpiercer4@yahoo.com,Female,7 Blackbird Way,Washington,DC,20299
978,978,1,Antonio,Wells,awellsr5@geocities.jp,Male,95777 Garrison Parkway,Washington,DC,20414
979,979,1,Shawn,Wallace,swallacer6@shop-pro.jp,Male,75578 Forster Center,Frederick,MD,21705
980,980,1,Jose,Harvey,jharveyr7@joomla.org,Male,53 Transport Center,Dallas,TX,75216
981,981,6,Kelly,Day,kdayr8@blogtalkradio.com,Female,3 Morningstar Avenue,Lynchburg,VA,24503
982,982,2,Sean,Duncan,sduncanr9@hibu.com,Male,02 Ludington Drive,Toledo,OH,43699
983,983,9,Charles,Myers,cmyersra@homestead.com,Male,6973 Dapin Road,Greensboro,NC,27455
984,984,5,Shirley,Gordon,sgordonrb@forbes.com,Female,29219 Green Drive,Tuscaloosa,AL,35405
985,985,7,Eric,Fisher,efisherrc@senate.gov,Male,7 Laurel Park,Montgomery,AL,36119
986,986,5,Norma,Robertson,nrobertsonrd@amazonaws.com,Female,88482 Dahle Way,Jacksonville,FL,32277
987,987,8,Annie,Peterson,apetersonre@delicious.com,Female,077 Rockefeller Road,Rockford,IL,61110
988,988,8,Bruce,Kelly,bkellyrf@de.vu,Male,079 Kropf Avenue,Tucson,AZ,85732
989,989,4,Tammy,Kim,tkimrg@bing.com,Female,67 Sheridan Road,Atlanta,GA,30392
990,990,1,Albert,Young,ayoungrh@oaic.gov.au,Male,41 Atwood Drive,Palo Alto,CA,94302
991,991,1,Todd,Hayes,thayesri@mozilla.com,Male,8299 La Follette Terrace,Omaha,NE,68197
992,992,3,Roger,Mcdonald,rmcdonaldrj@cornell.edu,Male,34114 Hallows Place,Springfield,MA,01129
993,993,6,Steven,Morgan,smorganrk@jalbum.net,Male,71105 Sunfield Crossing,Baton Rouge,LA,70810
994,994,4,Benjamin,Clark,bclarkrl@sakura.ne.jp,Male,71132 Sunfield Drive,Peoria,IL,61629
995,995,3,Jeremy,Reed,jreedrm@friendfeed.com,Male,4 Anthes Pass,Hayward,CA,94544
996,996,7,Sarah,Weaver,sweaverrn@samsung.com,Female,71717 Maywood Pass,Vero Beach,FL,32964
997,997,3,Jean,Jacobs,jjacobsro@twitpic.com,Female,7858 Dryden Parkway,Atlanta,GA,30358
998,998,4,Lois,Cruz,lcruzrp@acquirethisname.com,Female,25 Aberg Crossing,New Orleans,LA,70124
999,999,7,Tina,Austin,taustinrq@canalblog.com,Female,2 Butternut Trail,Fort Wayne,IN,46814
1000,1000,2,Jerry,Castillo,jcastillorr@kickstarter.com,Male,2 Alpine Crossing,Chattanooga,TN,37416
